,state,age,total_population,total_citizen_population,total_registered,percent_registered_total,margin_of_error,percent_registered_citizen,margin_of_error_2,total_voted,percent_voted_total,margin_of_error_3,percent_voted_citizen,margin_of_error_4,sex_race_and_hispanic_origin
0,US,Total,249748,228832,153066.0,61.3,0.3,66.9,0.3,122281.0,49.0,0.3,53.4,0.3,
1,US,18 to 24,28993,26950,13241.0,45.7,0.9,49.1,0.9,8726.0,30.1,0.8,32.4,0.9,
2,US,25 to 34,44769,39280,23342.0,52.1,0.7,59.4,0.8,16545.0,37.0,0.7,42.1,0.8,
3,US,35 to 44,40784,35403,23383.0,57.3,0.8,66.0,0.8,18041.0,44.2,0.8,51.0,0.8,
4,US,45 to 64,83277,77085,55032.0,66.1,0.5,71.4,0.5,45829.0,55.0,0.5,59.5,0.5,
5,US,65+,51925,50113,38068.0,73.3,0.6,76.0,0.6,33139.0,63.8,0.6,66.1,0.7,
6,ALABAMA,Total,3753,3609,2490.0,66.4,2.5,69.0,2.5,1830.0,48.8,2.7,50.7,2.7,
7,ALABAMA,18 to 24,458,434,221.0,48.2,7.6,50.8,7.8,130.0,28.3,6.9,29.9,7.2,
8,ALABAMA,25 to 34,660,619,425.0,64.4,6.1,68.6,6.1,262.0,39.8,6.2,42.4,6.5,
9,ALABAMA,35 to 44,556,508,341.0,61.3,6.8,67.1,6.8,239.0,43.0,6.9,47.1,7.2,
10,ALABAMA,45 to 64,1340,1313,933.0,69.7,4.1,71.1,4.1,736.0,54.9,4.4,56.0,4.5,
11,ALABAMA,65+,740,735,571.0,77.1,5.0,77.7,5.0,463.0,62.6,5.8,63.1,5.8,
12,ALASKA,Total,523,497,337.0,64.4,2.7,67.7,2.7,263.0,50.2,2.9,52.8,2.9,
13,ALASKA,18 to 24,76,69,36.0,48.3,7.5,B,B,27.0,35.5,7.2,B,B,
14,ALASKA,25 to 34,104,99,57.0,55.1,6.4,58.0,6.5,39.0,37.5,6.2,39.6,6.4,
15,ALASKA,35 to 44,76,72,52.0,68.1,7.0,B,B,39.0,51.4,7.5,B,B,
16,ALASKA,45 to 64,173,167,121.0,69.8,4.5,72.7,4.5,98.0,56.8,4.9,59.1,5.0,
17,ALASKA,65+,94,91,70.0,74.7,5.9,77.0,5.8,59.0,63.0,6.5,65.0,6.5,
18,ARIZONA,Total,5361,4757,3262.0,60.8,2.2,68.6,2.2,2800.0,52.2,2.3,58.9,2.4,
19,ARIZONA,18 to 24,652,619,302.0,46.3,6.5,48.8,6.7,217.0,33.3,6.1,35.0,6.4,
20,ARIZONA,25 to 34,876,729,360.0,41.1,5.5,49.4,6.1,287.0,32.8,5.3,39.4,6.0,
21,ARIZONA,35 to 44,873,714,541.0,62.0,5.4,75.8,5.3,407.0,46.6,5.6,57.0,6.1,
22,ARIZONA,45 to 64,1834,1637,1229.0,67.0,3.6,75.0,3.5,1090.0,59.4,3.8,66.6,3.9,
23,ARIZONA,65+,1126,1057,830.0,73.7,4.3,78.5,4.2,799.0,71.0,4.5,75.6,4.4,
24,ARKANSAS,Total,2261,2158,1262.0,55.8,2.7,58.5,2.8,919.0,40.6,2.7,42.6,2.8,
25,ARKANSAS,18 to 24,281,258,119.0,42.4,7.7,46.3,8.2,61.0,21.9,6.5,23.9,7.0,
26,ARKANSAS,25 to 34,433,395,204.0,47.2,6.3,51.8,6.6,122.0,28.0,5.7,30.8,6.1,
27,ARKANSAS,35 to 44,302,278,154.0,50.9,7.6,55.3,7.8,100.0,33.2,7.1,36.1,7.6,
28,ARKANSAS,45 to 64,737,723,433.0,58.8,4.8,59.9,4.8,341.0,46.2,4.8,47.1,4.9,
29,ARKANSAS,65+,508,505,352.0,69.3,5.4,69.7,5.4,295.0,58.0,5.8,58.4,5.8,
30,CALIFORNIA,Total,30243,25525,15690.0,51.9,1.0,61.5,1.0,13240.0,43.8,0.9,51.9,1.0,
31,CALIFORNIA,18 to 24,3385,3100,1407.0,41.6,2.8,45.4,3.0,1096.0,32.4,2.7,35.3,2.8,
32,CALIFORNIA,25 to 34,5861,4734,2706.0,46.2,2.2,57.2,2.4,2045.0,34.9,2.1,43.2,2.4,
33,CALIFORNIA,35 to 44,5487,4187,2444.0,44.5,2.2,58.4,2.5,2058.0,37.5,2.2,49.2,2.6,
34,CALIFORNIA,45 to 64,9975,8415,5554.0,55.7,1.6,66.0,1.7,4792.0,48.0,1.7,56.9,1.8,
35,CALIFORNIA,65+,5535,5089,3580.0,64.7,2.1,70.3,2.1,3248.0,58.7,2.2,63.8,2.2,
36,COLORADO,Total,4353,4029,2645.0,60.8,2.5,65.6,2.5,2342.0,53.8,2.5,58.1,2.6,
37,COLORADO,18 to 24,437,404,228.0,52.2,8.0,56.4,8.2,166.0,38.0,7.7,41.1,8.1,
38,COLORADO,25 to 34,859,751,433.0,50.4,5.7,57.7,6.0,367.0,42.7,5.6,48.8,6.1,
39,COLORADO,35 to 44,841,763,509.0,60.5,5.6,66.7,5.7,432.0,51.3,5.7,56.6,6.0,
40,COLORADO,45 to 64,1389,1312,876.0,63.1,4.3,66.8,4.3,797.0,57.4,4.4,60.8,4.5,
41,COLORADO,65+,827,798,598.0,72.3,5.2,75.0,5.1,580.0,70.1,5.3,72.7,5.2,
42,CONNECTICUT,Total,2834,2539,1726.0,60.9,2.6,68.0,2.7,1370.0,48.3,2.7,54.0,2.9,
43,CONNECTICUT,18 to 24,235,219,112.0,47.8,9.4,51.2,9.7,77.0,32.7,8.8,35.1,9.3,
44,CONNECTICUT,25 to 34,551,481,261.0,47.4,6.1,54.2,6.6,177.0,32.1,5.7,36.7,6.3,
45,CONNECTICUT,35 to 44,446,356,251.0,56.3,6.8,70.5,7.0,196.0,43.9,6.8,54.9,7.6,
46,CONNECTICUT,45 to 64,1020,917,642.0,63.0,4.4,70.1,4.4,539.0,52.8,4.5,58.8,4.7,
47,CONNECTICUT,65+,583,565,459.0,78.8,4.9,81.3,4.7,382.0,65.5,5.7,67.5,5.7,
48,DELAWARE,Total,756,713,472.0,62.4,2.6,66.3,2.6,369.0,48.8,2.7,51.8,2.8,
49,DELAWARE,18 to 24,76,74,32.0,42.3,8.4,B,B,23.0,29.8,7.7,B,B,
50,DELAWARE,25 to 34,133,112,68.0,50.9,6.4,60.3,6.8,42.0,31.7,5.9,37.5,6.7,
51,DELAWARE,35 to 44,110,99,69.0,62.2,6.8,69.0,6.8,47.0,42.7,7.0,47.4,7.4,
52,DELAWARE,45 to 64,269,261,183.0,67.8,4.2,69.9,4.2,154.0,57.3,4.4,59.1,4.5,
53,DELAWARE,65+,168,166,121.0,72.3,5.1,73.1,5.1,103.0,61.2,5.6,61.9,5.6,
54,DISTRICT OF COLUMBIA,Total,567,512,397.0,70.0,2.5,77.6,2.4,313.0,55.2,2.7,61.1,2.8,
55,DISTRICT OF COLUMBIA,18 to 24,61,54,38.0,B,B,B,B,29.0,B,B,B,B,
56,DISTRICT OF COLUMBIA,25 to 34,173,156,117.0,67.6,4.6,75.1,4.5,93.0,53.6,4.9,59.5,5.1,
57,DISTRICT OF COLUMBIA,35 to 44,105,90,76.0,72.1,5.7,84.2,5.0,61.0,57.9,6.3,67.7,6.4,
58,DISTRICT OF COLUMBIA,45 to 64,133,121,91.0,68.8,5.3,75.6,5.1,69.0,52.3,5.7,57.5,5.9,
59,DISTRICT OF COLUMBIA,65+,95,91,75.0,79.1,5.4,82.9,5.2,60.0,63.7,6.4,66.7,6.5,
60,FLORIDA,Total,16845,15047,9435.0,56.0,1.2,62.7,1.3,7918.0,47.0,1.3,52.6,1.3,
61,FLORIDA,18 to 24,1656,1511,655.0,39.6,3.9,43.4,4.2,449.0,27.1,3.6,29.7,3.8,
62,FLORIDA,25 to 34,2561,2128,1160.0,45.3,3.2,54.5,3.5,852.0,33.3,3.0,40.0,3.5,
63,FLORIDA,35 to 44,2689,2223,1272.0,47.3,3.1,57.2,3.4,977.0,36.3,3.0,44.0,3.4,
64,FLORIDA,45 to 64,5697,5166,3472.0,60.9,2.1,67.2,2.1,2993.0,52.5,2.2,57.9,2.2,
65,FLORIDA,65+,4241,4018,2877.0,67.8,2.3,71.6,2.3,2647.0,62.4,2.4,65.9,2.4,
66,GEORGIA,Total,7850,7311,4840.0,61.7,1.8,66.2,1.8,4084.0,52.0,1.9,55.9,1.9,
67,GEORGIA,18 to 24,1037,978,516.0,49.8,5.1,52.8,5.3,359.0,34.6,4.9,36.7,5.1,
68,GEORGIA,25 to 34,1322,1232,746.0,56.4,4.5,60.5,4.6,576.0,43.6,4.5,46.8,4.7,
69,GEORGIA,35 to 44,1357,1207,801.0,59.0,4.4,66.3,4.5,685.0,50.5,4.5,56.7,4.7,
70,GEORGIA,45 to 64,2589,2398,1694.0,65.4,3.1,70.6,3.1,1489.0,57.5,3.2,62.1,3.3,
71,GEORGIA,65+,1545,1496,1084.0,70.2,3.9,72.5,3.8,976.0,63.2,4.1,65.2,4.1,
72,HAWAII,Total,1057,971,523.0,49.5,2.7,53.9,2.8,427.0,40.4,2.7,44.0,2.8,
73,HAWAII,18 to 24,134,121,36.0,26.8,6.8,29.5,7.3,29.0,21.7,6.3,23.9,6.8,
74,HAWAII,25 to 34,152,132,64.0,42.4,7.1,48.7,7.7,50.0,32.7,6.7,37.5,7.4,
75,HAWAII,35 to 44,165,150,73.0,44.1,6.8,48.5,7.2,49.0,29.4,6.3,32.3,6.7,
76,HAWAII,45 to 64,346,317,192.0,55.4,4.7,60.5,4.9,159.0,45.9,4.7,50.0,5.0,
77,HAWAII,65+,261,251,159.0,60.9,5.3,63.4,5.4,141.0,54.3,5.5,56.5,5.5,
78,IDAHO,Total,1299,1226,743.0,57.2,2.7,60.6,2.7,587.0,45.2,2.7,47.9,2.8,
79,IDAHO,18 to 24,177,165,53.0,30.2,6.7,32.4,7.1,35.0,19.9,5.8,21.4,6.2,
80,IDAHO,25 to 34,202,176,96.0,47.3,6.8,54.2,7.3,62.0,30.9,6.3,35.3,7.0,
81,IDAHO,35 to 44,228,206,133.0,58.4,6.4,64.4,6.5,100.0,43.8,6.4,48.3,6.8,
82,IDAHO,45 to 64,437,428,284.0,64.9,4.4,66.2,4.4,232.0,53.0,4.6,54.1,4.7,
83,IDAHO,65+,256,250,177.0,69.2,5.6,70.7,5.6,158.0,61.7,5.9,63.1,5.9,
84,ILLINOIS,Total,9732,8947,6068.0,62.4,1.6,67.8,1.6,4740.0,48.7,1.7,53.0,1.7,
85,ILLINOIS,18 to 24,1199,1098,531.0,44.3,4.8,48.4,5.0,339.0,28.3,4.3,30.9,4.6,
86,ILLINOIS,25 to 34,1721,1514,955.0,55.5,4.0,63.1,4.1,650.0,37.8,3.9,42.9,4.2,
87,ILLINOIS,35 to 44,1588,1404,923.0,58.1,4.1,65.7,4.2,680.0,42.9,4.1,48.4,4.4,
88,ILLINOIS,45 to 64,3407,3152,2317.0,68.0,2.6,73.5,2.6,1920.0,56.3,2.8,60.9,2.9,
89,ILLINOIS,65+,1817,1778,1343.0,73.9,3.4,75.5,3.4,1151.0,63.3,3.7,64.7,3.8,
90,INDIANA,Total,5006,4792,3131.0,62.5,2.2,65.3,2.3,2364.0,47.2,2.3,49.3,2.4,
91,INDIANA,18 to 24,652,583,288.0,44.2,6.4,49.4,6.8,181.0,27.8,5.8,31.1,6.3,
92,INDIANA,25 to 34,834,785,437.0,52.4,5.7,55.7,5.8,285.0,34.2,5.4,36.3,5.6,
93,INDIANA,35 to 44,792,756,515.0,65.0,5.6,68.1,5.6,358.0,45.2,5.8,47.3,6.0,
94,INDIANA,45 to 64,1745,1688,1156.0,66.2,3.7,68.5,3.7,959.0,55.0,3.9,56.8,4.0,
95,INDIANA,65+,983,980,735.0,74.8,4.5,75.1,4.5,580.0,59.0,5.2,59.2,5.2,
96,IOWA,Total,2376,2239,1658.0,69.8,2.6,74.0,2.5,1335.0,56.2,2.8,59.6,2.8,
97,IOWA,18 to 24,287,259,133.0,46.3,8.0,51.3,8.4,89.0,30.9,7.4,34.2,8.0,
98,IOWA,25 to 34,445,402,273.0,61.4,6.3,68.1,6.3,192.0,43.2,6.4,47.9,6.8,
99,IOWA,35 to 44,341,306,228.0,66.8,6.9,74.3,6.8,174.0,51.0,7.4,56.8,7.7,
100,IOWA,45 to 64,764,732,557.0,72.9,4.4,76.0,4.3,462.0,60.5,4.8,63.1,4.8,
101,IOWA,65+,539,539,467.0,86.5,4.0,86.5,4.0,418.0,77.4,4.9,77.4,4.9,
102,KANSAS,Total,2149,2026,1449.0,67.4,2.8,71.5,2.8,1152.0,53.6,3.0,56.9,3.0,
103,KANSAS,18 to 24,262,246,152.0,58.1,8.4,62.0,8.6,93.0,35.4,8.2,37.7,8.6,
104,KANSAS,25 to 34,358,319,175.0,48.8,7.3,54.7,7.7,134.0,37.3,7.1,41.8,7.6,
105,KANSAS,35 to 44,378,335,234.0,61.8,6.9,69.8,6.9,180.0,47.5,7.1,53.7,7.5,
106,KANSAS,45 to 64,723,700,540.0,74.6,4.5,77.1,4.4,447.0,61.8,5.0,63.9,5.0,
107,KANSAS,65+,428,426,349.0,81.5,5.2,81.9,5.2,299.0,69.9,6.1,70.2,6.1,
108,KENTUCKY,Total,3370,3249,2389.0,70.9,2.6,73.5,2.6,1746.0,51.8,2.9,53.8,2.9,
109,KENTUCKY,18 to 24,436,413,228.0,52.2,7.9,55.2,8.1,100.0,22.9,6.7,24.2,7.0,
110,KENTUCKY,25 to 34,539,507,332.0,61.6,6.9,65.6,7.0,236.0,43.7,7.1,46.5,7.3,
111,KENTUCKY,35 to 44,518,484,344.0,66.4,6.9,71.1,6.8,242.0,46.8,7.3,50.1,7.5,
112,KENTUCKY,45 to 64,1079,1048,836.0,77.5,4.2,79.8,4.1,662.0,61.3,4.9,63.1,4.9,
113,KENTUCKY,65+,798,798,649.0,81.4,4.6,81.4,4.6,507.0,63.5,5.6,63.5,5.6,
114,LOUISIANA,Total,3458,3326,2263.0,65.4,2.6,68.0,2.6,1656.0,47.9,2.7,49.8,2.7,
115,LOUISIANA,18 to 24,409,390,202.0,49.3,7.8,51.7,8.0,98.0,24.0,6.7,25.2,7.0,
116,LOUISIANA,25 to 34,587,549,335.0,57.2,6.5,61.1,6.6,217.0,37.0,6.3,39.5,6.6,
117,LOUISIANA,35 to 44,607,573,376.0,61.9,6.2,65.5,6.3,257.0,42.2,6.3,44.8,6.6,
118,LOUISIANA,45 to 64,1144,1112,791.0,69.1,4.3,71.1,4.3,633.0,55.3,4.7,56.9,4.7,
119,LOUISIANA,65+,711,702,560.0,78.7,4.9,79.7,4.8,452.0,63.5,5.7,64.3,5.7,
120,MAINE,Total,1074,1056,828.0,77.1,2.6,78.4,2.5,693.0,64.5,2.9,65.6,2.9,
121,MAINE,18 to 24,89,89,46.0,51.5,10.6,51.5,10.6,26.0,29.2,9.6,29.2,9.6,
122,MAINE,25 to 34,174,171,108.0,61.9,7.3,63.2,7.4,88.0,50.3,7.5,51.3,7.6,
123,MAINE,35 to 44,149,148,122.0,81.5,6.3,82.1,6.3,93.0,62.4,7.9,62.9,7.9,
124,MAINE,45 to 64,385,378,317.0,82.5,3.9,83.9,3.8,273.0,70.9,4.6,72.1,4.6,
125,MAINE,65+,276,270,235.0,85.3,4.3,87.1,4.1,213.0,77.3,5.0,78.9,4.9,
126,MARYLAND,Total,4666,4281,3095.0,66.3,2.3,72.3,2.3,2320.0,49.7,2.5,54.2,2.6,
127,MARYLAND,18 to 24,653,584,354.0,54.2,6.5,60.6,6.8,220.0,33.7,6.2,37.7,6.7,
128,MARYLAND,25 to 34,780,690,477.0,61.2,5.9,69.2,5.9,302.0,38.7,5.9,43.8,6.3,
129,MARYLAND,35 to 44,689,616,444.0,64.5,6.1,72.1,6.1,340.0,49.3,6.4,55.2,6.7,
130,MARYLAND,45 to 64,1604,1486,1101.0,68.6,3.9,74.1,3.8,902.0,56.2,4.2,60.7,4.3,
131,MARYLAND,65+,939,906,719.0,76.6,4.6,79.4,4.5,556.0,59.2,5.4,61.4,5.4,
132,MASSACHUSETTS,Total,5460,4919,3345.0,61.3,2.2,68.0,2.2,2731.0,50.0,2.2,55.5,2.3,
133,MASSACHUSETTS,18 to 24,644,556,240.0,37.3,6.2,43.2,6.9,188.0,29.3,5.9,33.9,6.6,
134,MASSACHUSETTS,25 to 34,1038,905,549.0,52.8,5.1,60.6,5.3,417.0,40.2,5.0,46.1,5.4,
135,MASSACHUSETTS,35 to 44,813,666,429.0,52.8,5.7,64.4,6.1,324.0,39.8,5.6,48.6,6.3,
136,MASSACHUSETTS,45 to 64,1870,1729,1326.0,70.9,3.4,76.7,3.3,1121.0,59.9,3.7,64.9,3.8,
137,MASSACHUSETTS,65+,1095,1063,801.0,73.2,4.4,75.4,4.3,681.0,62.2,4.8,64.1,4.8,
138,MICHIGAN,Total,7657,7430,5453.0,71.2,1.7,73.4,1.7,4418.0,57.7,1.9,59.5,1.9,
139,MICHIGAN,18 to 24,841,825,455.0,54.1,5.7,55.1,5.7,279.0,33.2,5.4,33.9,5.4,
140,MICHIGAN,25 to 34,1300,1249,823.0,63.3,4.4,65.9,4.4,589.0,45.3,4.6,47.2,4.7,
141,MICHIGAN,35 to 44,1152,1077,793.0,68.8,4.5,73.6,4.4,625.0,54.3,4.8,58.1,5.0,
142,MICHIGAN,45 to 64,2733,2673,2071.0,75.8,2.7,77.5,2.7,1733.0,63.4,3.0,64.8,3.0,
143,MICHIGAN,65+,1631,1605,1311.0,80.4,3.2,81.7,3.2,1190.0,73.0,3.6,74.1,3.6,
144,MINNESOTA,Total,4238,4006,3000.0,70.8,2.3,74.9,2.3,2523.0,59.5,2.5,63.0,2.5,
145,MINNESOTA,18 to 24,440,410,210.0,47.8,7.9,51.2,8.2,175.0,39.9,7.7,42.7,8.1,
146,MINNESOTA,25 to 34,795,696,434.0,54.7,5.9,62.4,6.1,330.0,41.5,5.8,47.4,6.3,
147,MINNESOTA,35 to 44,692,653,502.0,72.5,5.6,76.9,5.5,419.0,60.6,6.2,64.2,6.2,
148,MINNESOTA,45 to 64,1519,1461,1155.0,76.0,3.6,79.0,3.5,981.0,64.6,4.1,67.1,4.1,
149,MINNESOTA,65+,793,785,699.0,88.1,3.8,89.0,3.7,618.0,77.9,4.9,78.7,4.8,
150,MISSISSIPPI,Total,2194,2178,1599.0,72.9,2.5,73.4,2.5,1180.0,53.8,2.8,54.2,2.8,
151,MISSISSIPPI,18 to 24,269,269,123.0,45.7,7.9,45.7,7.9,72.0,26.7,7.0,26.7,7.0,
152,MISSISSIPPI,25 to 34,365,354,253.0,69.5,6.3,71.5,6.2,133.0,36.5,6.5,37.6,6.7,
153,MISSISSIPPI,35 to 44,353,353,267.0,75.7,5.9,75.7,5.9,187.0,53.1,6.9,53.1,6.9,
154,MISSISSIPPI,45 to 64,727,722,571.0,78.5,3.9,79.1,3.9,472.0,64.9,4.6,65.4,4.6,
155,MISSISSIPPI,65+,481,481,385.0,80.1,4.7,80.1,4.7,316.0,65.8,5.6,65.8,5.6,
156,MISSOURI,Total,4676,4564,3299.0,70.6,2.2,72.3,2.2,2509.0,53.7,2.4,55.0,2.5,
157,MISSOURI,18 to 24,522,488,307.0,58.8,7.2,62.9,7.3,202.0,38.7,7.1,41.4,7.5,
158,MISSOURI,25 to 34,805,774,544.0,67.6,5.5,70.2,5.5,373.0,46.3,5.9,48.1,6.0,
159,MISSOURI,35 to 44,780,759,517.0,66.3,5.7,68.2,5.6,386.0,49.5,6.0,50.9,6.1,
160,MISSOURI,45 to 64,1462,1450,1064.0,72.8,3.9,73.4,3.9,832.0,56.9,4.3,57.4,4.3,
161,MISSOURI,65+,1107,1093,867.0,78.3,4.1,79.3,4.1,716.0,64.7,4.8,65.6,4.8,
162,MONTANA,Total,822,812,579.0,70.4,2.3,71.3,2.3,518.0,63.0,2.4,63.8,2.4,
163,MONTANA,18 to 24,83,81,41.0,49.7,7.9,50.5,8.0,32.0,38.3,7.7,38.9,7.8,
164,MONTANA,25 to 34,147,144,89.0,60.9,5.8,62.3,5.8,71.0,48.0,5.9,49.2,6.0,
165,MONTANA,35 to 44,127,124,90.0,70.6,5.8,72.4,5.8,76.0,59.8,6.3,61.3,6.3,
166,MONTANA,45 to 64,254,253,192.0,75.5,3.9,75.8,3.9,178.0,70.1,4.1,70.3,4.1,
167,MONTANA,65+,212,210,167.0,78.8,4.0,79.4,4.0,162.0,76.6,4.2,77.1,4.2,
168,NEBRASKA,Total,1428,1332,883.0,61.9,2.8,66.3,2.8,676.0,47.3,2.9,50.8,3.0,
169,NEBRASKA,18 to 24,172,157,69.0,40.1,8.2,43.9,8.7,50.0,29.2,7.6,32.0,8.2,
170,NEBRASKA,25 to 34,286,268,165.0,57.6,6.4,61.4,6.5,112.0,39.1,6.3,41.7,6.6,
171,NEBRASKA,35 to 44,215,181,113.0,52.6,7.5,62.5,7.9,81.0,37.9,7.3,45.0,8.1,
172,NEBRASKA,45 to 64,467,439,311.0,66.5,4.8,70.7,4.8,244.0,52.2,5.1,55.5,5.2,
173,NEBRASKA,65+,288,286,226.0,78.5,5.3,79.0,5.3,189.0,65.5,6.2,66.0,6.2,
174,NEVADA,Total,2324,2067,1277.0,55.0,2.7,61.8,2.8,1006.0,43.3,2.7,48.7,2.9,
175,NEVADA,18 to 24,260,238,119.0,45.7,8.1,49.9,8.5,77.0,29.7,7.4,32.4,7.9,
176,NEVADA,25 to 34,433,373,192.0,44.3,6.2,51.5,6.8,115.0,26.6,5.5,30.9,6.2,
177,NEVADA,35 to 44,373,323,191.0,51.3,6.8,59.3,7.1,141.0,37.8,6.6,43.7,7.2,
178,NEVADA,45 to 64,791,687,452.0,57.2,4.6,65.8,4.7,372.0,47.0,4.6,54.2,5.0,
179,NEVADA,65+,467,447,323.0,69.1,5.6,72.3,5.5,301.0,64.5,5.8,67.4,5.8,
180,NEW HAMPSHIRE,Total,1080,1025,726.0,67.2,2.6,70.8,2.6,576.0,53.3,2.8,56.2,2.8,
181,NEW HAMPSHIRE,18 to 24,114,106,61.0,53.4,8.5,57.6,8.7,39.0,34.4,8.1,37.1,8.6,
182,NEW HAMPSHIRE,25 to 34,153,138,84.0,55.3,7.3,61.1,7.5,61.0,39.9,7.2,44.0,7.7,
183,NEW HAMPSHIRE,35 to 44,175,165,108.0,61.7,6.7,65.2,6.7,80.0,45.8,6.9,48.4,7.1,
184,NEW HAMPSHIRE,45 to 64,404,387,298.0,73.7,4.0,76.8,3.9,241.0,59.6,4.4,62.1,4.5,
185,NEW HAMPSHIRE,65+,234,228,175.0,74.9,5.2,76.8,5.1,155.0,66.3,5.6,68.0,5.6,
186,NEW JERSEY,Total,7009,6267,4297.0,61.3,1.9,68.6,1.9,3384.0,48.3,2.0,54.0,2.1,
187,NEW JERSEY,18 to 24,811,738,350.0,43.1,5.7,47.4,6.1,237.0,29.2,5.3,32.1,5.7,
188,NEW JERSEY,25 to 34,1235,1030,670.0,54.2,4.7,65.0,4.9,435.0,35.2,4.5,42.2,5.1,
189,NEW JERSEY,35 to 44,1076,882,661.0,61.4,4.9,74.9,4.8,548.0,50.9,5.0,62.0,5.4,
190,NEW JERSEY,45 to 64,2361,2177,1573.0,66.6,3.2,72.3,3.2,1297.0,55.0,3.4,59.6,3.5,
191,NEW JERSEY,65+,1526,1440,1043.0,68.4,3.9,72.5,3.9,868.0,56.8,4.2,60.3,4.3,
192,NEW MEXICO,Total,1576,1485,916.0,58.1,2.5,61.7,2.6,715.0,45.3,2.6,48.1,2.6,
193,NEW MEXICO,18 to 24,184,180,80.0,43.6,7.5,44.5,7.6,50.0,27.4,6.7,28.0,6.8,
194,NEW MEXICO,25 to 34,284,261,148.0,52.2,6.0,56.9,6.3,97.0,34.1,5.7,37.2,6.1,
195,NEW MEXICO,35 to 44,236,219,121.0,51.2,6.6,55.0,6.9,81.0,34.4,6.3,37.0,6.7,
196,NEW MEXICO,45 to 64,528,489,311.0,59.0,4.4,63.7,4.4,263.0,49.8,4.4,53.7,4.6,
197,NEW MEXICO,65+,345,336,255.0,74.0,4.8,75.9,4.8,224.0,64.8,5.2,66.5,5.3,
198,NEW YORK,Total,15478,13684,8553.0,55.3,1.3,62.5,1.4,6775.0,43.8,1.3,49.5,1.4,
199,NEW YORK,18 to 24,1762,1518,734.0,41.7,3.9,48.4,4.3,505.0,28.6,3.6,33.3,4.1,
200,NEW YORK,25 to 34,2962,2483,1302.0,44.0,3.1,52.4,3.4,958.0,32.4,2.9,38.6,3.3,
201,NEW YORK,35 to 44,2421,2005,1301.0,53.8,3.4,64.9,3.6,1005.0,41.5,3.4,50.1,3.7,
202,NEW YORK,45 to 64,4936,4437,2918.0,59.1,2.3,65.8,2.4,2341.0,47.4,2.4,52.8,2.5,
203,NEW YORK,65+,3396,3241,2297.0,67.6,2.7,70.9,2.7,1965.0,57.9,2.8,60.6,2.9,
204,NORTH CAROLINA,Total,7911,7444,5160.0,65.2,1.8,69.3,1.8,3899.0,49.3,1.9,52.4,1.9,
205,NORTH CAROLINA,18 to 24,1002,955,468.0,46.7,5.3,49.0,5.4,302.0,30.1,4.8,31.6,5.0,
206,NORTH CAROLINA,25 to 34,1329,1169,769.0,57.8,4.5,65.7,4.6,447.0,33.6,4.3,38.2,4.7,
207,NORTH CAROLINA,35 to 44,1200,1071,710.0,59.1,4.7,66.2,4.8,526.0,43.9,4.8,49.1,5.1,
208,NORTH CAROLINA,45 to 64,2742,2630,1905.0,69.5,2.9,72.4,2.9,1555.0,56.7,3.2,59.1,3.2,
209,NORTH CAROLINA,65+,1639,1618,1309.0,79.9,3.3,80.9,3.3,1069.0,65.2,3.9,66.1,3.9,
210,NORTH DAKOTA,Total,560,541,397.0,70.9,2.5,73.4,2.5,335.0,59.8,2.7,61.9,2.7,
211,NORTH DAKOTA,18 to 24,74,72,42.0,B,B,B,B,26.0,B,B,B,B,
212,NORTH DAKOTA,25 to 34,122,113,78.0,64.0,5.7,68.9,5.7,60.0,49.4,5.9,53.2,6.1,
213,NORTH DAKOTA,35 to 44,81,77,57.0,69.9,6.6,73.8,6.5,47.0,57.9,7.1,61.1,7.3,
214,NORTH DAKOTA,45 to 64,165,162,125.0,75.3,4.4,76.7,4.3,112.0,67.9,4.7,69.1,4.7,
215,NORTH DAKOTA,65+,118,118,96.0,81.6,4.7,81.8,4.6,90.0,76.1,5.1,76.4,5.1,
216,OHIO,Total,8873,8640,6062.0,68.3,1.6,70.2,1.6,4538.0,51.1,1.8,52.5,1.8,
217,OHIO,18 to 24,1033,1007,503.0,48.7,5.1,49.9,5.2,226.0,21.9,4.2,22.5,4.3,
218,OHIO,25 to 34,1472,1399,882.0,59.9,4.2,63.0,4.3,601.0,40.8,4.2,42.9,4.4,
219,OHIO,35 to 44,1365,1322,956.0,70.1,4.1,72.3,4.1,706.0,51.8,4.5,53.4,4.5,
220,OHIO,45 to 64,3127,3043,2238.0,71.6,2.7,73.6,2.6,1750.0,56.0,2.9,57.5,3.0,
221,OHIO,65+,1876,1869,1482.0,79.0,3.1,79.3,3.1,1254.0,66.9,3.6,67.1,3.6,
222,OKLAHOMA,Total,2868,2732,1777.0,62.0,2.9,65.1,2.9,1350.0,47.1,3.0,49.4,3.0,
223,OKLAHOMA,18 to 24,309,287,110.0,35.6,8.7,38.2,9.1,65.0,21.1,7.4,22.6,7.9,
224,OKLAHOMA,25 to 34,507,471,275.0,54.2,7.0,58.3,7.2,191.0,37.6,6.8,40.5,7.2,
225,OKLAHOMA,35 to 44,509,469,305.0,59.8,6.9,64.9,7.0,202.0,39.7,6.9,43.1,7.3,
226,OKLAHOMA,45 to 64,912,876,600.0,65.8,5.0,68.5,5.0,486.0,53.2,5.3,55.4,5.3,
227,OKLAHOMA,65+,631,628,487.0,77.2,5.3,77.6,5.3,406.0,64.4,6.1,64.7,6.1,
228,OREGON,Total,3293,3138,2274.0,69.1,2.6,72.5,2.5,1918.0,58.2,2.7,61.1,2.8,
229,OREGON,18 to 24,336,331,205.0,61.1,8.4,62.0,8.4,128.0,38.2,8.4,38.8,8.5,
230,OREGON,25 to 34,626,585,403.0,64.4,6.1,68.9,6.1,334.0,53.3,6.3,57.1,6.5,
231,OREGON,35 to 44,539,493,336.0,62.4,6.6,68.1,6.6,259.0,48.1,6.8,52.5,7.1,
232,OREGON,45 to 64,976,929,708.0,72.6,4.5,76.2,4.4,633.0,64.9,4.8,68.1,4.8,
233,OREGON,65+,816,799,622.0,76.2,4.7,77.8,4.7,564.0,69.1,5.1,70.6,5.1,
234,PENNSYLVANIA,Total,9928,9475,6469.0,65.2,1.6,68.3,1.6,5173.0,52.1,1.7,54.6,1.7,
235,PENNSYLVANIA,18 to 24,1144,1109,546.0,47.7,4.9,49.2,5.0,365.0,31.9,4.6,33.0,4.7,
236,PENNSYLVANIA,25 to 34,1622,1457,883.0,54.4,4.1,60.6,4.2,603.0,37.2,4.0,41.4,4.3,
237,PENNSYLVANIA,35 to 44,1464,1326,903.0,61.6,4.2,68.1,4.2,705.0,48.1,4.3,53.2,4.5,
238,PENNSYLVANIA,45 to 64,3381,3292,2437.0,72.1,2.6,74.0,2.5,2034.0,60.2,2.8,61.8,2.8,
239,PENNSYLVANIA,65+,2317,2291,1702.0,73.5,3.0,74.3,3.0,1465.0,63.2,3.3,63.9,3.3,
240,RHODE ISLAND,Total,828,782,532.0,64.2,2.7,68.0,2.7,403.0,48.7,2.8,51.6,2.9,
241,RHODE ISLAND,18 to 24,90,82,50.0,55.5,8.5,61.5,8.8,34.0,37.8,8.3,41.8,8.9,
242,RHODE ISLAND,25 to 34,145,136,72.0,49.6,6.7,52.9,7.0,45.0,31.0,6.2,33.1,6.6,
243,RHODE ISLAND,35 to 44,129,122,79.0,60.8,7.0,64.5,7.1,57.0,44.2,7.1,46.9,7.4,
244,RHODE ISLAND,45 to 64,304,287,210.0,69.2,4.3,73.2,4.3,172.0,56.4,4.6,59.7,4.7,
245,RHODE ISLAND,65+,159,155,121.0,75.7,5.5,78.0,5.4,95.0,59.8,6.3,61.6,6.4,
246,SOUTH CAROLINA,Total,3914,3769,2430.0,62.1,2.5,64.5,2.5,1836.0,46.9,2.6,48.7,2.7,
247,SOUTH CAROLINA,18 to 24,391,378,176.0,44.9,8.2,46.4,8.3,91.0,23.3,7.0,24.1,7.2,
248,SOUTH CAROLINA,25 to 34,752,720,407.0,54.1,5.9,56.6,6.0,228.0,30.3,5.5,31.7,5.6,
249,SOUTH CAROLINA,35 to 44,556,500,323.0,58.1,6.8,64.6,7.0,265.0,47.7,6.9,53.1,7.3,
250,SOUTH CAROLINA,45 to 64,1249,1215,802.0,64.2,4.4,66.1,4.4,638.0,51.1,4.6,52.5,4.7,
251,SOUTH CAROLINA,65+,965,956,721.0,74.8,4.6,75.5,4.5,613.0,63.6,5.0,64.2,5.0,
252,SOUTH DAKOTA,Total,648,637,429.0,66.2,2.7,67.3,2.7,331.0,51.0,2.9,51.9,2.9,
253,SOUTH DAKOTA,18 to 24,91,90,42.0,46.2,7.7,47.1,7.8,24.0,25.8,6.8,26.3,6.9,
254,SOUTH DAKOTA,25 to 34,109,105,57.0,52.5,7.1,54.2,7.2,33.0,30.3,6.5,31.3,6.7,
255,SOUTH DAKOTA,35 to 44,95,93,61.0,64.4,7.3,65.8,7.3,40.0,42.5,7.5,43.4,7.6,
256,SOUTH DAKOTA,45 to 64,204,202,155.0,76.1,4.4,76.8,4.4,136.0,66.7,4.9,67.3,4.9,
257,SOUTH DAKOTA,65+,150,148,114.0,75.9,5.2,77.0,5.1,98.0,65.5,5.7,66.4,5.7,
258,TENNESSEE,Total,5202,5016,3183.0,61.2,2.2,63.5,2.2,2487.0,47.8,2.3,49.6,2.3,
259,TENNESSEE,18 to 24,601,593,265.0,44.1,6.7,44.7,6.7,184.0,30.7,6.2,31.1,6.2,
260,TENNESSEE,25 to 34,917,833,466.0,50.8,5.4,55.9,5.6,338.0,36.8,5.2,40.5,5.6,
261,TENNESSEE,35 to 44,832,784,533.0,64.1,5.5,68.1,5.5,388.0,46.6,5.7,49.5,5.9,
262,TENNESSEE,45 to 64,1738,1695,1143.0,65.8,3.7,67.4,3.7,916.0,52.7,3.9,54.0,4.0,
263,TENNESSEE,65+,1114,1111,776.0,69.6,4.5,69.8,4.5,661.0,59.4,4.8,59.5,4.8,
264,TEXAS,Total,21064,18374,11634.0,55.2,1.1,63.3,1.2,8886.0,42.2,1.1,48.4,1.2,
265,TEXAS,18 to 24,2875,2664,1217.0,42.3,3.1,45.7,3.2,718.0,25.0,2.7,27.0,2.9,
266,TEXAS,25 to 34,4189,3527,1835.0,43.8,2.6,52.0,2.8,1297.0,31.0,2.4,36.8,2.7,
267,TEXAS,35 to 44,3690,3053,1895.0,51.3,2.7,62.1,2.9,1388.0,37.6,2.7,45.5,3.0,
268,TEXAS,45 to 64,6564,5681,4061.0,61.9,2.0,71.5,2.0,3223.0,49.1,2.1,56.7,2.2,
269,TEXAS,65+,3746,3448,2627.0,70.1,2.5,76.2,2.4,2259.0,60.3,2.7,65.5,2.7,
270,UTAH,Total,2247,2109,1443.0,64.2,2.2,68.4,2.2,1214.0,54.0,2.3,57.6,2.4,
271,UTAH,18 to 24,323,305,142.0,44.0,6.1,46.6,6.3,107.0,33.1,5.8,35.1,6.0,
272,UTAH,25 to 34,477,423,248.0,52.0,5.0,58.5,5.3,181.0,37.9,4.9,42.6,5.3,
273,UTAH,35 to 44,471,439,315.0,66.8,4.8,71.8,4.7,263.0,55.8,5.0,59.9,5.1,
274,UTAH,45 to 64,606,581,456.0,75.3,3.8,78.5,3.7,399.0,65.8,4.2,68.6,4.2,
275,UTAH,65+,370,361,282.0,76.3,4.9,78.2,4.8,265.0,71.8,5.1,73.5,5.1,
276,VERMONT,Total,503,497,343.0,68.1,2.9,69.0,2.9,273.0,54.2,3.1,54.9,3.1,
277,VERMONT,18 to 24,46,45,22.0,B,B,B,B,16.0,B,B,B,B,
278,VERMONT,25 to 34,86,84,50.0,57.8,7.3,59.0,7.4,34.0,39.6,7.3,40.4,7.4,
279,VERMONT,35 to 44,77,75,47.0,60.9,7.7,62.2,7.7,37.0,48.7,7.8,49.7,7.9,
280,VERMONT,45 to 64,164,163,121.0,73.5,4.7,74.1,4.7,98.0,59.5,5.3,60.0,5.3,
281,VERMONT,65+,130,129,104.0,80.0,4.8,80.8,4.8,88.0,67.5,5.6,68.2,5.6,
282,VIRGINIA,Total,6386,5773,4159.0,65.1,2.0,72.0,2.0,3319.0,52.0,2.1,57.5,2.2,
283,VIRGINIA,18 to 24,618,558,313.0,50.6,6.7,56.1,7.1,221.0,35.8,6.5,39.7,7.0,
284,VIRGINIA,25 to 34,1191,1023,674.0,56.6,4.8,65.9,5.0,514.0,43.1,4.8,50.2,5.2,
285,VIRGINIA,35 to 44,1063,874,605.0,56.9,5.1,69.2,5.2,411.0,38.6,5.0,47.0,5.7,
286,VIRGINIA,45 to 64,2223,2070,1539.0,69.2,3.3,74.3,3.2,1298.0,58.4,3.5,62.7,3.6,
287,VIRGINIA,65+,1291,1249,1029.0,79.7,3.8,82.4,3.6,875.0,67.8,4.4,70.1,4.3,
288,WASHINGTON,Total,5775,5228,3852.0,66.7,2.1,73.7,2.0,3234.0,56.0,2.2,61.9,2.2,
289,WASHINGTON,18 to 24,624,577,315.0,50.4,6.7,54.5,6.9,201.0,32.2,6.2,34.8,6.6,
290,WASHINGTON,25 to 34,1067,914,637.0,59.7,5.0,69.7,5.1,455.0,42.6,5.0,49.8,5.5,
291,WASHINGTON,35 to 44,1034,897,672.0,65.0,4.9,74.8,4.8,591.0,57.1,5.1,65.8,5.3,
292,WASHINGTON,45 to 64,1972,1798,1365.0,69.2,3.5,75.9,3.4,1185.0,60.1,3.7,65.9,3.7,
293,WASHINGTON,65+,1079,1041,864.0,80.1,4.0,83.0,3.9,802.0,74.3,4.4,77.0,4.3,
294,WEST VIRGINIA,Total,1406,1384,892.0,63.4,2.8,64.5,2.8,610.0,43.4,2.9,44.1,2.9,
295,WEST VIRGINIA,18 to 24,169,159,79.0,47.0,8.4,49.8,8.6,36.0,21.3,6.9,22.6,7.2,
296,WEST VIRGINIA,25 to 34,201,194,98.0,48.7,7.7,50.6,7.8,50.0,24.8,6.6,25.8,6.8,
297,WEST VIRGINIA,35 to 44,199,197,120.0,59.9,7.5,60.6,7.6,73.0,36.7,7.4,37.1,7.5,
298,WEST VIRGINIA,45 to 64,478,476,320.0,67.0,4.7,67.3,4.7,229.0,47.9,5.0,48.1,5.0,
299,WEST VIRGINIA,65+,358,358,275.0,76.7,4.9,76.8,4.9,222.0,62.0,5.6,62.1,5.6,
300,WISCONSIN,Total,4436,4296,3129.0,70.5,2.3,72.8,2.2,2776.0,62.6,2.4,64.6,2.4,
301,WISCONSIN,18 to 24,471,462,254.0,54.0,7.6,55.0,7.7,221.0,46.9,7.6,47.7,7.7,
302,WISCONSIN,25 to 34,747,689,424.0,56.8,6.0,61.6,6.1,339.0,45.5,6.0,49.3,6.3,
303,WISCONSIN,35 to 44,703,663,438.0,62.3,6.1,66.1,6.1,388.0,55.2,6.2,58.5,6.3,
304,WISCONSIN,45 to 64,1490,1467,1189.0,79.8,3.4,81.0,3.4,1056.0,70.9,3.9,72.0,3.9,
305,WISCONSIN,65+,1026,1015,824.0,80.3,4.1,81.2,4.1,772.0,75.2,4.5,76.0,4.4,
306,WYOMING,Total,430,422,268.0,62.4,2.9,63.5,2.9,220.0,51.2,3.0,52.1,3.0,
307,WYOMING,18 to 24,44,44,15.0,B,B,B,B,9.0,B,B,B,B,
308,WYOMING,25 to 34,84,80,42.0,50.1,6.7,52.4,6.8,28.0,33.6,6.3,35.2,6.5,
309,WYOMING,35 to 44,67,65,40.0,B,B,B,B,28.0,B,B,B,B,
310,WYOMING,45 to 64,142,141,98.0,69.3,4.8,69.8,4.8,88.0,62.0,5.0,62.5,5.0,
311,WYOMING,65+,94,93,73.0,77.3,5.3,78.1,5.3,67.0,71.1,5.8,71.8,5.7,
312,US,,249748,228832,153066.0,61.3,0.3,66.9,0.3,122281.0,49.0,0.3,53.4,0.3,Total
313,US,,120573,110006,71726.0,59.5,0.4,65.2,0.4,56964.0,47.2,0.4,51.8,0.5,Male
314,US,,129176,118826,81340.0,63.0,0.4,68.5,0.4,65317.0,50.6,0.4,55.0,0.4,Female
315,US,,194127,180522,123727.0,63.7,0.3,68.5,0.3,99255.0,51.1,0.3,55.0,0.4,White alone
316,US,,157610,154982,110054.0,69.8,0.4,71.0,0.4,89075.0,56.5,0.4,57.5,0.4,White non-Hispanic alone
317,US,,31623,29758,19023.0,60.2,1.0,63.9,1.0,15194.0,48.0,1.0,51.1,1.1,Black alone
318,US,,15659,11128,5898.0,37.7,1.5,53.0,1.8,4519.0,28.9,1.4,40.6,1.8,Asian alone
319,US,,41049,28955,15558.0,37.9,1.2,53.7,1.4,11695.0,28.5,1.1,40.4,1.4,Hispanic (of any race)
320,US,,198477,184394,126194.0,63.6,0.3,68.4,0.3,101115.0,50.9,0.3,54.8,0.4,White alone or in combination
321,US,,33595,31422,20015.0,59.6,1.0,63.7,1.0,15887.0,47.3,1.0,50.6,1.1,Black alone or in combination
322,US,,16733,12170,6595.0,39.4,1.5,54.2,1.8,5080.0,30.4,1.4,41.7,1.7,Asian alone or in combination
323,ALABAMA,,3753,3609,2490.0,66.4,2.5,69.0,2.5,1830.0,48.8,2.7,50.7,2.7,Total
324,ALABAMA,,1772,1681,1122.0,63.3,3.7,66.7,3.8,821.0,46.3,3.9,48.8,4.0,Male
325,ALABAMA,,1982,1927,1368.0,69.0,3.4,71.0,3.4,1010.0,50.9,3.7,52.4,3.7,Female
326,ALABAMA,,2610,2534,1774.0,68.0,3.0,70.0,3.0,1309.0,50.1,3.2,51.6,3.2,White alone
327,ALABAMA,,2494,2470,1760.0,70.6,3.0,71.3,3.0,1298.0,52.1,3.3,52.6,3.3,White non-Hispanic alone
328,ALABAMA,,976,975,657.0,67.2,5.9,67.4,5.9,483.0,49.4,6.3,49.5,6.3,Black alone
329,ALABAMA,,61,37,13.0,B,B,B,B,7.0,B,B,B,B,Asian alone
330,ALABAMA,,169,77,26.0,15.6,14.3,34.3,27.8,22.0,13.2,13.4,29.1,26.6,Hispanic (of any race)
331,ALABAMA,,2636,2561,1796.0,68.1,3.0,70.1,3.0,1322.0,50.2,3.2,51.6,3.2,White alone or in combination
332,ALABAMA,,979,977,659.0,67.3,5.9,67.4,5.9,485.0,49.6,6.3,49.6,6.3,Black alone or in combination
333,ALABAMA,,61,37,13.0,B,B,B,B,7.0,B,B,B,B,Asian alone or in combination
334,ALASKA,,523,497,337.0,64.4,2.7,67.7,2.7,263.0,50.2,2.9,52.8,2.9,Total
335,ALASKA,,265,255,175.0,65.9,3.8,68.4,3.8,133.0,50.2,4.0,52.1,4.1,Male
336,ALASKA,,258,242,162.0,62.9,3.9,67.1,3.9,130.0,50.2,4.1,53.6,4.2,Female
337,ALASKA,,330,324,236.0,71.6,3.2,73.0,3.2,193.0,58.6,3.5,59.7,3.6,White alone
338,ALASKA,,314,310,229.0,73.0,3.3,73.9,3.3,187.0,59.5,3.6,60.3,3.6,White non-Hispanic alone
339,ALASKA,,16,15,9.0,B,B,B,B,8.0,B,B,B,B,Black alone
340,ALASKA,,55,37,23.0,B,B,B,B,15.0,B,B,B,B,Asian alone
341,ALASKA,,20,18,10.0,B,B,B,B,8.0,B,B,B,B,Hispanic (of any race)
342,ALASKA,,356,350,255.0,71.6,3.1,72.9,3.1,210.0,59.0,3.4,60.1,3.4,White alone or in combination
343,ALASKA,,18,17,11.0,B,B,B,B,9.0,B,B,B,B,Black alone or in combination
344,ALASKA,,60,42,25.0,B,B,B,B,18.0,B,B,B,B,Asian alone or in combination
345,ARIZONA,,5361,4757,3262.0,60.8,2.2,68.6,2.2,2800.0,52.2,2.3,58.9,2.4,Total
346,ARIZONA,,2606,2259,1539.0,59.0,3.2,68.1,3.2,1288.0,49.4,3.2,57.0,3.5,Male
347,ARIZONA,,2755,2497,1723.0,62.5,3.1,69.0,3.1,1512.0,54.9,3.1,60.6,3.2,Female
348,ARIZONA,,4635,4168,2968.0,64.0,2.3,71.2,2.3,2535.0,54.7,2.4,60.8,2.5,White alone
349,ARIZONA,,3128,3065,2272.0,72.6,2.6,74.1,2.6,2000.0,63.9,2.8,65.3,2.8,White non-Hispanic alone
350,ARIZONA,,257,222,114.0,44.4,12.4,51.5,13.5,104.0,40.6,12.3,47.0,13.4,Black alone
351,ARIZONA,,198,106,63.0,32.0,13.9,59.8,20.0,59.0,30.0,13.6,56.1,20.2,Asian alone
352,ARIZONA,,1624,1205,757.0,46.6,6.4,62.8,7.2,588.0,36.2,6.2,48.8,7.5,Hispanic (of any race)
353,ARIZONA,,4688,4216,2996.0,63.9,2.3,71.1,2.3,2563.0,54.7,2.4,60.8,2.5,White alone or in combination
354,ARIZONA,,280,239,132.0,47.0,12.0,55.0,12.9,122.0,43.5,11.9,50.9,13.0,Black alone or in combination
355,ARIZONA,,209,117,71.0,34.0,13.7,60.8,18.9,67.0,32.1,13.5,57.4,19.1,Asian alone or in combination
356,ARKANSAS,,2261,2158,1262.0,55.8,2.7,58.5,2.8,919.0,40.6,2.7,42.6,2.8,Total
357,ARKANSAS,,1093,1034,602.0,55.1,4.0,58.3,4.0,431.0,39.4,3.9,41.7,4.0,Male
358,ARKANSAS,,1169,1125,660.0,56.5,3.8,58.7,3.9,488.0,41.8,3.8,43.4,3.9,Female
359,ARKANSAS,,1833,1765,1031.0,56.2,3.0,58.4,3.1,756.0,41.3,3.0,42.8,3.1,White alone
360,ARKANSAS,,1678,1676,995.0,59.3,3.2,59.3,3.2,737.0,43.9,3.2,44.0,3.2,White non-Hispanic alone
361,ARKANSAS,,327,317,178.0,54.5,8.8,56.1,8.9,132.0,40.3,8.6,41.6,8.8,Black alone
362,ARKANSAS,,37,19,9.0,B,B,B,B,6.0,B,B,B,B,Asian alone
363,ARKANSAS,,172,102,43.0,25.2,13.7,42.3,20.2,21.0,12.3,10.4,20.8,16.6,Hispanic (of any race)
364,ARKANSAS,,1878,1805,1061.0,56.5,3.0,58.7,3.0,771.0,41.1,3.0,42.7,3.1,White alone or in combination
365,ARKANSAS,,336,325,184.0,54.7,8.6,56.6,8.8,135.0,40.2,8.5,41.6,8.7,Black alone or in combination
366,ARKANSAS,,53,31,18.0,B,B,B,B,7.0,B,B,B,B,Asian alone or in combination
367,CALIFORNIA,,30243,25525,15690.0,51.9,1.0,61.5,1.0,13240.0,43.8,0.9,51.9,1.0,Total
368,CALIFORNIA,,14767,12449,7372.0,49.9,1.4,59.2,1.5,6205.0,42.0,1.3,49.8,1.5,Male
369,CALIFORNIA,,15476,13076,8318.0,53.8,1.3,63.6,1.4,7035.0,45.5,1.3,53.8,1.4,Female
370,CALIFORNIA,,21467,18311,11711.0,54.6,1.1,64.0,1.2,10005.0,46.6,1.1,54.6,1.2,White alone
371,CALIFORNIA,,11986,11587,8005.0,66.8,1.4,69.1,1.4,7116.0,59.4,1.5,61.4,1.5,White non-Hispanic alone
372,CALIFORNIA,,1912,1845,1061.0,55.5,4.6,57.5,4.6,933.0,48.8,4.6,50.6,4.7,Black alone
373,CALIFORNIA,,5222,3983,2061.0,39.5,2.8,51.7,3.3,1620.0,31.0,2.7,40.7,3.3,Asian alone
374,CALIFORNIA,,10595,7613,4211.0,39.7,2.5,55.3,3.0,3300.0,31.1,2.3,43.3,3.0,Hispanic (of any race)
375,CALIFORNIA,,22303,19010,12125.0,54.4,1.1,63.8,1.2,10332.0,46.3,1.1,54.3,1.2,White alone or in combination
376,CALIFORNIA,,2094,1999,1154.0,55.1,4.4,57.7,4.4,998.0,47.6,4.4,49.9,4.5,Black alone or in combination
377,CALIFORNIA,,5571,4320,2278.0,40.9,2.8,52.7,3.2,1795.0,32.2,2.6,41.5,3.1,Asian alone or in combination
378,COLORADO,,4353,4029,2645.0,60.8,2.5,65.6,2.5,2342.0,53.8,2.5,58.1,2.6,Total
379,COLORADO,,2171,2004,1315.0,60.6,3.5,65.6,3.5,1144.0,52.7,3.6,57.1,3.7,Male
380,COLORADO,,2182,2025,1330.0,61.0,3.5,65.7,3.5,1198.0,54.9,3.5,59.2,3.6,Female
381,COLORADO,,3911,3666,2439.0,62.4,2.6,66.5,2.6,2185.0,55.9,2.6,59.6,2.7,White alone
382,COLORADO,,3136,3107,2141.0,68.3,2.8,68.9,2.8,1945.0,62.0,2.9,62.6,2.9,White non-Hispanic alone
383,COLORADO,,185,170,73.0,39.6,14.5,43.1,15.3,51.0,27.8,13.3,30.3,14.2,Black alone
384,COLORADO,,156,93,75.0,47.7,16.8,80.6,17.3,66.0,42.3,16.6,71.5,19.7,Asian alone
385,COLORADO,,806,590,323.0,40.1,9.0,54.8,10.7,259.0,32.1,8.6,43.9,10.7,Hispanic (of any race)
386,COLORADO,,3998,3753,2486.0,62.2,2.6,66.2,2.6,2213.0,55.4,2.6,59.0,2.7,White alone or in combination
387,COLORADO,,219,204,88.0,40.3,13.3,43.3,14.0,63.0,28.8,12.3,31.0,13.0,Black alone or in combination
388,COLORADO,,185,121,89.0,48.3,15.5,73.8,16.8,73.0,39.2,15.1,60.0,18.7,Asian alone or in combination
389,CONNECTICUT,,2834,2539,1726.0,60.9,2.6,68.0,2.7,1370.0,48.3,2.7,54.0,2.9,Total
390,CONNECTICUT,,1365,1222,804.0,58.9,3.8,65.8,3.9,662.0,48.5,3.9,54.2,4.1,Male
391,CONNECTICUT,,1469,1316,921.0,62.7,3.6,70.0,3.6,708.0,48.2,3.8,53.8,4.0,Female
392,CONNECTICUT,,2326,2141,1483.0,63.8,2.9,69.3,2.9,1193.0,51.3,3.0,55.7,3.1,White alone
393,CONNECTICUT,,1934,1888,1347.0,69.7,3.0,71.3,3.0,1090.0,56.4,3.3,57.7,3.3,White non-Hispanic alone
394,CONNECTICUT,,319,258,158.0,49.6,9.8,61.3,10.6,124.0,39.0,9.5,48.2,10.9,Black alone
395,CONNECTICUT,,142,100,51.0,36.1,14.7,51.4,18.2,38.0,26.5,13.5,37.7,17.7,Asian alone
396,CONNECTICUT,,464,293,164.0,35.3,10.1,55.9,13.2,120.0,25.9,9.2,41.1,13.0,Hispanic (of any race)
397,CONNECTICUT,,2356,2171,1506.0,63.9,2.9,69.4,2.9,1201.0,51.0,3.0,55.3,3.1,White alone or in combination
398,CONNECTICUT,,335,274,174.0,51.9,9.5,63.5,10.2,132.0,39.5,9.3,48.3,10.5,Black alone or in combination
399,CONNECTICUT,,154,112,59.0,38.4,14.3,52.9,17.2,38.0,24.5,12.7,33.7,16.3,Asian alone or in combination
400,DELAWARE,,756,713,472.0,62.4,2.6,66.3,2.6,369.0,48.8,2.7,51.8,2.8,Total
401,DELAWARE,,359,334,215.0,59.8,3.8,64.3,3.9,167.0,46.4,3.9,49.9,4.0,Male
402,DELAWARE,,397,379,258.0,64.8,3.5,68.0,3.5,202.0,50.9,3.7,53.4,3.8,Female
403,DELAWARE,,540,513,340.0,62.9,3.1,66.2,3.1,264.0,48.8,3.2,51.4,3.3,White alone
404,DELAWARE,,477,468,316.0,66.3,3.2,67.6,3.2,247.0,51.7,3.4,52.7,3.4,White non-Hispanic alone
405,DELAWARE,,163,159,109.0,66.5,6.6,68.2,6.6,90.0,54.8,7.0,56.2,7.0,Black alone
406,DELAWARE,,41,28,15.0,B,B,B,B,11.0,B,B,B,B,Asian alone
407,DELAWARE,,73,52,27.0,B,B,B,B,20.0,B,B,B,B,Hispanic (of any race)
408,DELAWARE,,548,521,346.0,63.2,3.0,66.5,3.1,266.0,48.6,3.2,51.1,3.2,White alone or in combination
409,DELAWARE,,173,168,116.0,67.3,6.4,68.9,6.4,93.0,53.8,6.8,55.2,6.8,Black alone or in combination
410,DELAWARE,,43,31,15.0,B,B,B,B,11.0,B,B,B,B,Asian alone or in combination
411,DISTRICT OF COLUMBIA,,567,512,397.0,70.0,2.5,77.6,2.4,313.0,55.2,2.7,61.1,2.8,Total
412,DISTRICT OF COLUMBIA,,264,235,179.0,68.1,3.7,76.3,3.6,141.0,53.3,4.0,59.8,4.2,Male
413,DISTRICT OF COLUMBIA,,304,277,218.0,71.7,3.4,78.6,3.2,172.0,56.7,3.7,62.3,3.8,Female
414,DISTRICT OF COLUMBIA,,270,247,207.0,76.5,3.4,83.5,3.1,168.0,62.1,3.9,67.8,3.9,White alone
415,DISTRICT OF COLUMBIA,,235,223,191.0,81.3,3.3,85.8,3.1,155.0,65.9,4.0,69.5,4.0,White non-Hispanic alone
416,DISTRICT OF COLUMBIA,,251,228,163.0,65.2,4.8,71.7,4.7,123.0,48.9,5.0,53.7,5.2,Black alone
417,DISTRICT OF COLUMBIA,,30,22,16.0,B,B,B,B,13.0,B,B,B,B,Asian alone
418,DISTRICT OF COLUMBIA,,53,35,24.0,B,B,B,B,20.0,B,B,B,B,Hispanic (of any race)
419,DISTRICT OF COLUMBIA,,281,257,214.0,76.3,3.3,83.4,3.0,174.0,62.0,3.8,67.8,3.8,White alone or in combination
420,DISTRICT OF COLUMBIA,,258,234,169.0,65.5,4.7,72.1,4.6,128.0,49.5,4.9,54.5,5.1,Black alone or in combination
421,DISTRICT OF COLUMBIA,,33,25,17.0,B,B,B,B,14.0,B,B,B,B,Asian alone or in combination
422,FLORIDA,,16845,15047,9435.0,56.0,1.2,62.7,1.3,7918.0,47.0,1.3,52.6,1.3,Total
423,FLORIDA,,8035,7145,4383.0,54.6,1.8,61.4,1.9,3648.0,45.4,1.8,51.1,1.9,Male
424,FLORIDA,,8810,7902,5052.0,57.3,1.7,63.9,1.8,4270.0,48.5,1.7,54.0,1.8,Female
425,FLORIDA,,13425,12154,7798.0,58.1,1.4,64.2,1.4,6579.0,49.0,1.4,54.1,1.5,White alone
426,FLORIDA,,9592,9332,6211.0,64.8,1.6,66.6,1.6,5315.0,55.4,1.7,57.0,1.7,White non-Hispanic alone
427,FLORIDA,,2644,2317,1340.0,50.7,3.8,57.9,4.0,1094.0,41.4,3.8,47.2,4.1,Black alone
428,FLORIDA,,454,330,159.0,35.0,9.2,48.2,11.3,134.0,29.4,8.8,40.5,11.1,Asian alone
429,FLORIDA,,4288,3146,1723.0,40.2,3.8,54.8,4.5,1393.0,32.5,3.7,44.3,4.5,Hispanic (of any race)
430,FLORIDA,,13676,12353,7899.0,57.8,1.4,63.9,1.4,6666.0,48.7,1.4,54.0,1.5,White alone or in combination
431,FLORIDA,,2842,2463,1418.0,49.9,3.7,57.6,3.9,1167.0,41.1,3.6,47.4,4.0,Black alone or in combination
432,FLORIDA,,458,334,159.0,34.8,9.2,47.7,11.3,134.0,29.2,8.7,40.1,11.0,Asian alone or in combination
433,GEORGIA,,7850,7311,4840.0,61.7,1.8,66.2,1.8,4084.0,52.0,1.9,55.9,1.9,Total
434,GEORGIA,,3700,3417,2189.0,59.2,2.7,64.0,2.7,1814.0,49.0,2.7,53.1,2.8,Male
435,GEORGIA,,4150,3893,2651.0,63.9,2.5,68.1,2.5,2270.0,54.7,2.6,58.3,2.6,Female
436,GEORGIA,,4949,4686,3093.0,62.5,2.3,66.0,2.3,2581.0,52.2,2.4,55.1,2.4,White alone
437,GEORGIA,,4491,4454,2973.0,66.2,2.3,66.8,2.3,2496.0,55.6,2.5,56.1,2.5,White non-Hispanic alone
438,GEORGIA,,2439,2305,1577.0,64.7,3.9,68.4,3.9,1374.0,56.3,4.0,59.6,4.1,Black alone
439,GEORGIA,,318,191,108.0,33.9,11.1,56.4,15.0,84.0,26.3,10.3,43.8,15.0,Asian alone
440,GEORGIA,,525,264,135.0,25.7,9.9,51.2,16.0,101.0,19.2,9.0,38.2,15.6,Hispanic (of any race)
441,GEORGIA,,5043,4780,3135.0,62.2,2.3,65.6,2.3,2609.0,51.7,2.3,54.6,2.4,White alone or in combination
442,GEORGIA,,2495,2361,1600.0,64.1,3.9,67.8,3.9,1382.0,55.4,4.0,58.5,4.1,Black alone or in combination
443,GEORGIA,,327,200,108.0,33.0,10.9,53.9,14.8,84.0,25.6,10.1,41.9,14.6,Asian alone or in combination
444,HAWAII,,1057,971,523.0,49.5,2.7,53.9,2.8,427.0,40.4,2.7,44.0,2.8,Total
445,HAWAII,,504,462,237.0,46.9,3.9,51.2,4.1,193.0,38.3,3.8,41.7,4.1,Male
446,HAWAII,,553,509,287.0,51.9,3.8,56.4,3.9,234.0,42.4,3.7,46.1,3.9,Female
447,HAWAII,,237,231,137.0,57.9,5.7,59.3,5.7,111.0,46.8,5.7,47.9,5.8,White alone
448,HAWAII,,211,206,125.0,59.3,6.0,60.7,6.0,104.0,49.3,6.1,50.4,6.1,White non-Hispanic alone
449,HAWAII,,22,21,10.0,B,B,B,B,4.0,B,B,B,B,Black alone
450,HAWAII,,480,417,218.0,45.4,5.1,52.2,5.5,186.0,38.7,5.0,44.6,5.4,Asian alone
451,HAWAII,,82,79,34.0,41.3,15.1,42.9,15.4,25.0,29.7,14.0,30.9,14.4,Hispanic (of any race)
452,HAWAII,,351,346,211.0,60.0,4.6,61.0,4.6,171.0,48.6,4.7,49.3,4.8,White alone or in combination
453,HAWAII,,28,27,15.0,B,B,B,B,8.0,B,B,B,B,Black alone or in combination
454,HAWAII,,590,527,285.0,48.2,4.6,54.0,4.8,241.0,40.9,4.5,45.7,4.8,Asian alone or in combination
455,IDAHO,,1299,1226,743.0,57.2,2.7,60.6,2.7,587.0,45.2,2.7,47.9,2.8,Total
456,IDAHO,,645,608,362.0,56.1,3.8,59.5,3.9,286.0,44.3,3.8,47.0,3.9,Male
457,IDAHO,,654,618,381.0,58.2,3.8,61.6,3.8,301.0,46.0,3.8,48.7,3.9,Female
458,IDAHO,,1214,1163,708.0,58.3,2.8,60.9,2.8,555.0,45.7,2.8,47.7,2.8,White alone
459,IDAHO,,1048,1044,664.0,63.3,2.9,63.6,2.9,531.0,50.6,3.0,50.9,3.0,White non-Hispanic alone
460,IDAHO,,8,8,8.0,B,B,B,B,6.0,B,B,B,B,Black alone
461,IDAHO,,33,22,9.0,B,B,B,B,8.0,B,B,B,B,Asian alone
462,IDAHO,,182,126,51.0,27.7,10.1,40.0,13.3,30.0,16.5,8.4,23.8,11.6,Hispanic (of any race)
463,IDAHO,,1232,1178,715.0,58.0,2.7,60.7,2.8,562.0,45.6,2.8,47.7,2.8,White alone or in combination
464,IDAHO,,12,12,11.0,B,B,B,B,9.0,B,B,B,B,Black alone or in combination
465,IDAHO,,33,22,9.0,B,B,B,B,8.0,B,B,B,B,Asian alone or in combination
466,ILLINOIS,,9732,8947,6068.0,62.4,1.6,67.8,1.6,4740.0,48.7,1.7,53.0,1.7,Total
467,ILLINOIS,,4711,4316,2794.0,59.3,2.4,64.7,2.4,2183.0,46.3,2.4,50.6,2.5,Male
468,ILLINOIS,,5021,4630,3274.0,65.2,2.2,70.7,2.2,2557.0,50.9,2.3,55.2,2.4,Female
469,ILLINOIS,,7564,7078,4892.0,64.7,1.8,69.1,1.8,3802.0,50.3,1.9,53.7,2.0,White alone
470,ILLINOIS,,6248,6120,4436.0,71.0,1.9,72.5,1.9,3494.0,55.9,2.1,57.1,2.1,White non-Hispanic alone
471,ILLINOIS,,1334,1274,861.0,64.5,5.3,67.6,5.3,723.0,54.2,5.5,56.8,5.6,Black alone
472,ILLINOIS,,673,455,205.0,30.5,7.4,45.1,9.8,150.0,22.4,6.7,33.1,9.2,Asian alone
473,ILLINOIS,,1458,1061,537.0,36.8,6.6,50.6,8.0,354.0,24.3,5.8,33.3,7.5,Hispanic (of any race)
474,ILLINOIS,,7666,7180,4973.0,64.9,1.8,69.3,1.8,3857.0,50.3,1.9,53.7,1.9,White alone or in combination
475,ILLINOIS,,1382,1322,895.0,64.7,5.2,67.7,5.2,740.0,53.5,5.4,56.0,5.5,Black alone or in combination
476,ILLINOIS,,688,470,214.0,31.2,7.4,45.6,9.6,160.0,23.2,6.7,34.0,9.2,Asian alone or in combination
477,INDIANA,,5006,4792,3131.0,62.5,2.2,65.3,2.3,2364.0,47.2,2.3,49.3,2.4,Total
478,INDIANA,,2404,2331,1522.0,63.3,3.2,65.3,3.2,1115.0,46.4,3.3,47.8,3.4,Male
479,INDIANA,,2602,2461,1609.0,61.8,3.1,65.4,3.1,1249.0,48.0,3.2,50.7,3.3,Female
480,INDIANA,,4260,4125,2723.0,63.9,2.4,66.0,2.4,2066.0,48.5,2.5,50.1,2.6,White alone
481,INDIANA,,3937,3921,2634.0,66.9,2.5,67.2,2.5,1996.0,50.7,2.6,50.9,2.6,White non-Hispanic alone
482,INDIANA,,484,468,299.0,61.8,8.8,63.9,8.8,221.0,45.7,9.0,47.2,9.2,Black alone
483,INDIANA,,138,98,40.0,28.9,16.0,40.5,20.5,27.0,19.7,14.1,27.6,18.7,Asian alone
484,INDIANA,,337,212,96.0,28.4,12.7,45.2,17.7,77.0,22.9,11.8,36.5,17.1,Hispanic (of any race)
485,INDIANA,,4342,4197,2775.0,63.9,2.4,66.1,2.4,2099.0,48.3,2.5,50.0,2.5,White alone or in combination
486,INDIANA,,544,518,329.0,60.4,8.3,63.5,8.4,245.0,45.0,8.5,47.2,8.7,Black alone or in combination
487,INDIANA,,147,108,49.0,33.5,16.1,45.7,19.9,34.0,22.8,14.3,31.1,18.5,Asian alone or in combination
488,IOWA,,2376,2239,1658.0,69.8,2.6,74.0,2.5,1335.0,56.2,2.8,59.6,2.8,Total
489,IOWA,,1176,1105,833.0,70.8,3.6,75.4,3.5,660.0,56.1,3.9,59.7,4.0,Male
490,IOWA,,1201,1134,825.0,68.7,3.6,72.7,3.6,675.0,56.2,3.9,59.5,4.0,Female
491,IOWA,,2192,2119,1580.0,72.1,2.6,74.5,2.6,1270.0,57.9,2.9,59.9,2.9,White alone
492,IOWA,,2007,1983,1499.0,74.7,2.6,75.6,2.6,1206.0,60.1,3.0,60.8,3.0,White non-Hispanic alone
493,IOWA,,89,76,47.0,52.6,17.4,61.3,18.3,41.0,46.4,17.4,54.1,18.8,Black alone
494,IOWA,,62,22,14.0,B,B,B,B,12.0,B,B,B,B,Asian alone
495,IOWA,,206,148,85.0,41.5,14.7,57.8,17.4,69.0,33.5,14.1,46.7,17.5,Hispanic (of any race)
496,IOWA,,2218,2133,1591.0,71.8,2.6,74.6,2.6,1279.0,57.7,2.8,60.0,2.9,White alone or in combination
497,IOWA,,100,80,49.0,48.9,16.5,60.6,17.9,41.0,41.4,16.2,51.3,18.3,Black alone or in combination
498,IOWA,,72,26,19.0,B,B,B,B,16.0,B,B,B,B,Asian alone or in combination
499,KANSAS,,2149,2026,1449.0,67.4,2.8,71.5,2.8,1152.0,53.6,3.0,56.9,3.0,Total
500,KANSAS,,1049,980,692.0,66.0,4.1,70.6,4.0,554.0,52.8,4.3,56.5,4.4,Male
501,KANSAS,,1100,1046,757.0,68.8,3.9,72.4,3.8,598.0,54.4,4.2,57.2,4.2,Female
502,KANSAS,,1880,1777,1311.0,69.7,2.9,73.8,2.9,1028.0,54.7,3.2,57.8,3.2,White alone
503,KANSAS,,1667,1662,1249.0,74.9,2.9,75.2,2.9,982.0,58.9,3.3,59.1,3.3,White non-Hispanic alone
504,KANSAS,,129,125,65.0,50.1,14.7,51.9,15.0,58.0,44.9,14.7,46.5,15.0,Black alone
505,KANSAS,,59,46,33.0,B,B,B,B,33.0,B,B,B,B,Asian alone
506,KANSAS,,231,134,71.0,30.8,13.2,53.3,18.8,55.0,23.9,12.2,41.4,18.5,Hispanic (of any race)
507,KANSAS,,1934,1831,1338.0,69.2,2.9,73.1,2.9,1050.0,54.3,3.1,57.3,3.2,White alone or in combination
508,KANSAS,,136,131,66.0,48.9,14.4,50.6,14.6,60.0,43.9,14.3,45.4,14.6,Black alone or in combination
509,KANSAS,,64,51,36.0,B,B,B,B,36.0,B,B,B,B,Asian alone or in combination
510,KENTUCKY,,3370,3249,2389.0,70.9,2.6,73.5,2.6,1746.0,51.8,2.9,53.8,2.9,Total
511,KENTUCKY,,1627,1553,1092.0,67.1,3.9,70.3,3.8,789.0,48.5,4.1,50.8,4.2,Male
512,KENTUCKY,,1743,1696,1297.0,74.5,3.5,76.5,3.4,958.0,55.0,3.9,56.5,4.0,Female
513,KENTUCKY,,3014,2954,2194.0,72.8,2.7,74.3,2.7,1587.0,52.7,3.0,53.7,3.0,White alone
514,KENTUCKY,,2928,2921,2183.0,74.5,2.7,74.7,2.7,1579.0,53.9,3.1,54.1,3.1,White non-Hispanic alone
515,KENTUCKY,,248,233,164.0,66.2,12.0,70.7,12.0,131.0,52.8,12.7,56.4,13.0,Black alone
516,KENTUCKY,,82,37,14.0,17.4,17.5,B,B,12.0,14.1,16.0,B,B,Asian alone
517,KENTUCKY,,96,37,15.0,15.8,19.4,B,B,12.0,12.9,17.8,B,B,Hispanic (of any race)
518,KENTUCKY,,3036,2976,2207.0,72.7,2.7,74.2,2.7,1600.0,52.7,3.0,53.8,3.0,White alone or in combination
519,KENTUCKY,,264,248,171.0,64.8,11.8,68.9,11.8,138.0,52.2,12.3,55.5,12.7,Black alone or in combination
520,KENTUCKY,,82,37,14.0,17.4,17.5,B,B,12.0,14.1,16.0,B,B,Asian alone or in combination
521,LOUISIANA,,3458,3326,2263.0,65.4,2.6,68.0,2.6,1656.0,47.9,2.7,49.8,2.7,Total
522,LOUISIANA,,1635,1557,1032.0,63.1,3.8,66.3,3.8,774.0,47.3,3.9,49.7,4.0,Male
523,LOUISIANA,,1823,1770,1231.0,67.5,3.5,69.5,3.5,882.0,48.4,3.7,49.8,3.8,Female
524,LOUISIANA,,2212,2120,1501.0,67.9,3.1,70.8,3.1,1075.0,48.6,3.4,50.7,3.4,White alone
525,LOUISIANA,,2047,2023,1455.0,71.1,3.2,71.9,3.2,1046.0,51.1,3.5,51.7,3.5,White non-Hispanic alone
526,LOUISIANA,,1076,1072,688.0,63.9,5.6,64.1,5.6,531.0,49.4,5.8,49.5,5.9,Black alone
527,LOUISIANA,,60,34,17.0,B,B,B,B,9.0,B,B,B,B,Asian alone
528,LOUISIANA,,189,112,56.0,29.7,16.5,50.2,23.5,35.0,18.4,14.0,31.1,21.8,Hispanic (of any race)
529,LOUISIANA,,2289,2188,1543.0,67.4,3.1,70.5,3.1,1106.0,48.3,3.3,50.6,3.4,White alone or in combination
530,LOUISIANA,,1133,1125,712.0,62.9,5.5,63.4,5.5,552.0,48.7,5.7,49.1,5.7,Black alone or in combination
531,LOUISIANA,,70,42,23.0,B,B,B,B,12.0,B,B,B,B,Asian alone or in combination
532,MAINE,,1074,1056,828.0,77.1,2.6,78.4,2.5,693.0,64.5,2.9,65.6,2.9,Total
533,MAINE,,527,519,397.0,75.4,3.7,76.6,3.7,329.0,62.4,4.2,63.4,4.2,Male
534,MAINE,,546,537,431.0,78.8,3.5,80.1,3.4,364.0,66.6,4.0,67.7,4.0,Female
535,MAINE,,1011,1002,796.0,78.7,2.6,79.4,2.5,669.0,66.2,3.0,66.8,3.0,White alone
536,MAINE,,1001,994,788.0,78.7,2.6,79.2,2.6,666.0,66.5,3.0,67.0,3.0,White non-Hispanic alone
537,MAINE,,17,11,5.0,B,B,B,B,3.0,B,B,B,B,Black alone
538,MAINE,,20,17,6.0,B,B,B,B,6.0,B,B,B,B,Asian alone
539,MAINE,,11,10,8.0,B,B,B,B,3.0,B,B,B,B,Hispanic (of any race)
540,MAINE,,1032,1023,815.0,79.0,2.5,79.6,2.5,682.0,66.1,2.9,66.6,2.9,White alone or in combination
541,MAINE,,20,14,7.0,B,B,B,B,5.0,B,B,B,B,Black alone or in combination
542,MAINE,,20,17,6.0,B,B,B,B,6.0,B,B,B,B,Asian alone or in combination
543,MARYLAND,,4666,4281,3095.0,66.3,2.3,72.3,2.3,2320.0,49.7,2.5,54.2,2.6,Total
544,MARYLAND,,2217,2047,1457.0,65.7,3.4,71.2,3.4,1107.0,49.9,3.6,54.1,3.7,Male
545,MARYLAND,,2449,2235,1639.0,66.9,3.2,73.3,3.1,1213.0,49.5,3.4,54.3,3.5,Female
546,MARYLAND,,2800,2635,2021.0,72.2,2.8,76.7,2.8,1536.0,54.9,3.2,58.3,3.2,White alone
547,MARYLAND,,2466,2421,1869.0,75.8,2.9,77.2,2.9,1414.0,57.3,3.3,58.4,3.4,White non-Hispanic alone
548,MARYLAND,,1414,1293,856.0,60.5,5.3,66.2,5.3,630.0,44.5,5.4,48.7,5.6,Black alone
549,MARYLAND,,315,217,142.0,44.9,11.9,65.1,13.7,94.0,29.9,10.9,43.4,14.3,Asian alone
550,MARYLAND,,500,328,195.0,39.0,11.5,59.5,14.3,158.0,31.7,11.0,48.3,14.6,Hispanic (of any race)
551,MARYLAND,,2874,2708,2064.0,71.8,2.8,76.2,2.7,1572.0,54.7,3.1,58.1,3.2,White alone or in combination
552,MARYLAND,,1467,1346,887.0,60.5,5.2,65.9,5.2,651.0,44.4,5.3,48.4,5.5,Black alone or in combination
553,MARYLAND,,331,234,154.0,46.6,11.6,66.1,13.1,103.0,31.2,10.8,44.3,13.8,Asian alone or in combination
554,MASSACHUSETTS,,5460,4919,3345.0,61.3,2.2,68.0,2.2,2731.0,50.0,2.2,55.5,2.3,Total
555,MASSACHUSETTS,,2594,2335,1556.0,60.0,3.1,66.6,3.2,1280.0,49.4,3.2,54.8,3.4,Male
556,MASSACHUSETTS,,2866,2583,1789.0,62.4,3.0,69.3,3.0,1451.0,50.6,3.1,56.2,3.2,Female
557,MASSACHUSETTS,,4417,4156,2934.0,66.4,2.3,70.6,2.3,2397.0,54.3,2.5,57.7,2.5,White alone
558,MASSACHUSETTS,,4006,3858,2737.0,68.3,2.4,70.9,2.4,2266.0,56.6,2.6,58.7,2.6,White non-Hispanic alone
559,MASSACHUSETTS,,454,413,240.0,52.8,9.3,58.0,9.6,194.0,42.7,9.2,47.0,9.7,Black alone
560,MASSACHUSETTS,,416,234,113.0,27.0,9.0,48.2,13.5,101.0,24.2,8.7,43.1,13.4,Asian alone
561,MASSACHUSETTS,,565,414,249.0,44.1,10.7,60.2,12.4,177.0,31.3,10.0,42.7,12.5,Hispanic (of any race)
562,MASSACHUSETTS,,4584,4266,2993.0,65.3,2.3,70.2,2.3,2437.0,53.2,2.4,57.1,2.5,White alone or in combination
563,MASSACHUSETTS,,561,464,258.0,46.0,8.3,55.6,9.1,203.0,36.2,8.0,43.7,9.1,Black alone or in combination
564,MASSACHUSETTS,,467,284,144.0,30.9,8.8,50.8,12.3,125.0,26.9,8.5,44.1,12.2,Asian alone or in combination
565,MICHIGAN,,7657,7430,5453.0,71.2,1.7,73.4,1.7,4418.0,57.7,1.9,59.5,1.9,Total
566,MICHIGAN,,3688,3564,2563.0,69.5,2.5,71.9,2.5,2072.0,56.2,2.7,58.1,2.7,Male
567,MICHIGAN,,3970,3866,2890.0,72.8,2.3,74.8,2.3,2346.0,59.1,2.6,60.7,2.6,Female
568,MICHIGAN,,6257,6171,4620.0,73.8,1.8,74.9,1.8,3724.0,59.5,2.0,60.4,2.1,White alone
569,MICHIGAN,,6033,5973,4526.0,75.0,1.8,75.8,1.8,3648.0,60.5,2.1,61.1,2.1,White non-Hispanic alone
570,MICHIGAN,,1027,1003,670.0,65.2,5.9,66.8,5.9,557.0,54.2,6.2,55.5,6.3,Black alone
571,MICHIGAN,,242,134,91.0,37.5,13.0,67.9,16.8,72.0,29.9,12.3,54.1,18.0,Asian alone
572,MICHIGAN,,241,203,99.0,41.1,16.4,48.9,18.2,81.0,33.8,15.8,40.1,17.8,Hispanic (of any race)
573,MICHIGAN,,6335,6243,4671.0,73.7,1.8,74.8,1.8,3770.0,59.5,2.0,60.4,2.0,White alone or in combination
574,MICHIGAN,,1078,1048,690.0,63.9,5.8,65.8,5.9,571.0,53.0,6.1,54.5,6.1,Black alone or in combination
575,MICHIGAN,,265,157,114.0,43.0,12.7,72.7,14.8,96.0,36.1,12.3,61.0,16.2,Asian alone or in combination
576,MINNESOTA,,4238,4006,3000.0,70.8,2.3,74.9,2.3,2523.0,59.5,2.5,63.0,2.5,Total
577,MINNESOTA,,2099,1969,1429.0,68.1,3.4,72.6,3.3,1194.0,56.9,3.6,60.7,3.6,Male
578,MINNESOTA,,2139,2037,1570.0,73.4,3.2,77.1,3.1,1329.0,62.1,3.5,65.2,3.5,Female
579,MINNESOTA,,3632,3537,2727.0,75.1,2.4,77.1,2.3,2286.0,62.9,2.7,64.7,2.7,White alone
580,MINNESOTA,,3485,3471,2683.0,77.0,2.4,77.3,2.4,2249.0,64.5,2.7,64.8,2.7,White non-Hispanic alone
581,MINNESOTA,,252,194,128.0,50.8,12.6,66.1,13.6,106.0,42.1,12.5,54.7,14.3,Black alone
582,MINNESOTA,,225,157,78.0,34.6,13.3,49.7,16.7,68.0,30.2,12.8,43.3,16.6,Asian alone
583,MINNESOTA,,156,65,44.0,28.2,18.7,B,B,37.0,23.8,17.7,B,B,Hispanic (of any race)
584,MINNESOTA,,3698,3593,2772.0,75.0,2.4,77.2,2.3,2327.0,62.9,2.6,64.8,2.6,White alone or in combination
585,MINNESOTA,,287,219,153.0,53.5,11.8,70.0,12.4,127.0,44.5,11.8,58.2,13.4,Black alone or in combination
586,MINNESOTA,,241,172,93.0,38.7,13.2,54.1,15.9,83.0,34.5,12.8,48.2,15.9,Asian alone or in combination
587,MISSISSIPPI,,2194,2178,1599.0,72.9,2.5,73.4,2.5,1180.0,53.8,2.8,54.2,2.8,Total
588,MISSISSIPPI,,1027,1016,718.0,69.9,3.7,70.7,3.7,531.0,51.7,4.0,52.2,4.1,Male
589,MISSISSIPPI,,1167,1162,881.0,75.5,3.3,75.8,3.3,650.0,55.7,3.8,55.9,3.8,Female
590,MISSISSIPPI,,1353,1341,956.0,70.6,3.2,71.2,3.2,688.0,50.9,3.5,51.3,3.5,White alone
591,MISSISSIPPI,,1317,1314,943.0,71.6,3.2,71.8,3.2,679.0,51.6,3.6,51.7,3.6,White non-Hispanic alone
592,MISSISSIPPI,,798,796,621.0,77.8,4.6,78.1,4.6,476.0,59.6,5.4,59.8,5.5,Black alone
593,MISSISSIPPI,,16,14,3.0,B,B,B,B,,B,B,B,B,Asian alone
594,MISSISSIPPI,,44,33,16.0,B,B,B,B,11.0,B,B,B,B,Hispanic (of any race)
595,MISSISSIPPI,,1370,1359,969.0,70.7,3.2,71.3,3.2,700.0,51.1,3.5,51.5,3.5,White alone or in combination
596,MISSISSIPPI,,812,809,630.0,77.7,4.6,77.9,4.6,484.0,59.6,5.4,59.8,5.4,Black alone or in combination
597,MISSISSIPPI,,19,17,5.0,B,B,B,B,,B,B,B,B,Asian alone or in combination
598,MISSOURI,,4676,4564,3299.0,70.6,2.2,72.3,2.2,2509.0,53.7,2.4,55.0,2.5,Total
599,MISSOURI,,2243,2202,1541.0,68.7,3.3,70.0,3.3,1162.0,51.8,3.5,52.8,3.6,Male
600,MISSOURI,,2433,2361,1758.0,72.3,3.0,74.5,3.0,1346.0,55.3,3.4,57.0,3.4,Female
601,MISSOURI,,4006,3944,2887.0,72.1,2.4,73.2,2.4,2227.0,55.6,2.6,56.5,2.6,White alone
602,MISSOURI,,3874,3856,2839.0,73.3,2.4,73.6,2.4,2185.0,56.4,2.7,56.7,2.7,White non-Hispanic alone
603,MISSOURI,,504,497,326.0,64.8,8.6,65.7,8.6,238.0,47.3,9.0,47.9,9.1,Black alone
604,MISSOURI,,55,35,17.0,B,B,B,B,3.0,B,B,B,B,Asian alone
605,MISSOURI,,176,108,53.0,30.0,18.1,49.1,25.3,47.0,26.5,17.5,43.3,25.1,Hispanic (of any race)
606,MISSOURI,,4060,3991,2927.0,72.1,2.4,73.3,2.3,2253.0,55.5,2.6,56.5,2.6,White alone or in combination
607,MISSOURI,,531,519,340.0,64.0,8.4,65.5,8.4,245.0,46.1,8.7,47.2,8.9,Black alone or in combination
608,MISSOURI,,55,35,17.0,B,B,B,B,3.0,B,B,B,B,Asian alone or in combination
609,MONTANA,,822,812,579.0,70.4,2.3,71.3,2.3,518.0,63.0,2.4,63.8,2.4,Total
610,MONTANA,,405,402,279.0,68.8,3.3,69.5,3.3,247.0,61.1,3.5,61.6,3.5,Male
611,MONTANA,,417,411,300.0,71.9,3.2,73.0,3.2,271.0,64.9,3.4,66.0,3.4,Female
612,MONTANA,,769,760,546.0,71.0,2.4,71.8,2.4,494.0,64.3,2.5,65.0,2.5,White alone
613,MONTANA,,747,740,534.0,71.5,2.4,72.1,2.4,483.0,64.7,2.5,65.3,2.5,White non-Hispanic alone
614,MONTANA,,4,4,1.0,B,B,B,B,,B,B,B,B,Black alone
615,MONTANA,,5,4,3.0,B,B,B,B,3.0,B,B,B,B,Asian alone
616,MONTANA,,22,20,11.0,B,B,B,B,11.0,B,B,B,B,Hispanic (of any race)
617,MONTANA,,784,775,557.0,71.0,2.3,71.8,2.3,504.0,64.3,2.5,65.0,2.5,White alone or in combination
618,MONTANA,,7,7,3.0,B,B,B,B,1.0,B,B,B,B,Black alone or in combination
619,MONTANA,,8,7,5.0,B,B,B,B,4.0,B,B,B,B,Asian alone or in combination
620,NEBRASKA,,1428,1332,883.0,61.9,2.8,66.3,2.8,676.0,47.3,2.9,50.8,3.0,Total
621,NEBRASKA,,710,652,418.0,58.9,4.1,64.1,4.1,314.0,44.2,4.1,48.1,4.3,Male
622,NEBRASKA,,718,680,466.0,64.8,3.9,68.5,3.9,362.0,50.5,4.1,53.3,4.2,Female
623,NEBRASKA,,1277,1203,822.0,64.4,2.9,68.4,2.9,633.0,49.6,3.1,52.6,3.2,White alone
624,NEBRASKA,,1113,1108,782.0,70.2,3.0,70.5,3.0,606.0,54.5,3.3,54.7,3.3,White non-Hispanic alone
625,NEBRASKA,,60,59,26.0,B,B,B,B,15.0,B,B,B,B,Black alone
626,NEBRASKA,,58,37,11.0,B,B,B,B,8.0,B,B,B,B,Asian alone
627,NEBRASKA,,175,105,50.0,28.7,11.8,47.7,16.8,34.0,19.7,10.4,32.8,15.8,Hispanic (of any race)
628,NEBRASKA,,1301,1226,839.0,64.5,2.9,68.4,2.9,649.0,49.9,3.0,52.9,3.1,White alone or in combination
629,NEBRASKA,,66,65,29.0,B,B,B,B,18.0,B,B,B,B,Black alone or in combination
630,NEBRASKA,,60,40,11.0,B,B,B,B,8.0,B,B,B,B,Asian alone or in combination
631,NEVADA,,2324,2067,1277.0,55.0,2.7,61.8,2.8,1006.0,43.3,2.7,48.7,2.9,Total
632,NEVADA,,1145,1043,616.0,53.8,3.8,59.0,4.0,497.0,43.4,3.8,47.7,4.0,Male
633,NEVADA,,1179,1024,662.0,56.1,3.8,64.6,3.9,509.0,43.2,3.8,49.7,4.1,Female
634,NEVADA,,1731,1573,1009.0,58.3,3.1,64.2,3.2,818.0,47.2,3.1,52.0,3.3,White alone
635,NEVADA,,1261,1239,850.0,67.4,3.4,68.6,3.4,701.0,55.6,3.7,56.6,3.7,White non-Hispanic alone
636,NEVADA,,197,178,108.0,55.0,11.2,60.9,11.6,65.0,33.3,10.6,36.8,11.4,Black alone
637,NEVADA,,230,177,69.0,30.2,10.0,39.2,12.1,49.0,21.4,8.9,27.8,11.1,Asian alone
638,NEVADA,,584,415,212.0,36.2,8.2,51.0,10.1,156.0,26.7,7.5,37.7,9.8,Hispanic (of any race)
639,NEVADA,,1798,1635,1058.0,58.8,3.0,64.7,3.1,854.0,47.5,3.1,52.2,3.2,White alone or in combination
640,NEVADA,,205,185,114.0,55.7,11.0,61.5,11.3,69.0,33.7,10.4,37.1,11.2,Black alone or in combination
641,NEVADA,,248,195,78.0,31.5,9.7,40.1,11.6,58.0,23.4,8.9,29.7,10.8,Asian alone or in combination
642,NEW HAMPSHIRE,,1080,1025,726.0,67.2,2.6,70.8,2.6,576.0,53.3,2.8,56.2,2.8,Total
643,NEW HAMPSHIRE,,530,507,359.0,67.8,3.7,70.9,3.7,280.0,52.9,3.9,55.3,4.0,Male
644,NEW HAMPSHIRE,,550,519,367.0,66.7,3.7,70.8,3.6,296.0,53.8,3.9,57.1,4.0,Female
645,NEW HAMPSHIRE,,1002,978,698.0,69.7,2.6,71.4,2.6,556.0,55.5,2.9,56.8,2.9,White alone
646,NEW HAMPSHIRE,,970,956,683.0,70.3,2.7,71.4,2.7,545.0,56.1,2.9,57.0,2.9,White non-Hispanic alone
647,NEW HAMPSHIRE,,16,4,2.0,B,B,B,B,2.0,B,B,B,B,Black alone
648,NEW HAMPSHIRE,,38,23,15.0,B,B,B,B,10.0,B,B,B,B,Asian alone
649,NEW HAMPSHIRE,,42,25,18.0,B,B,B,B,14.0,B,B,B,B,Hispanic (of any race)
650,NEW HAMPSHIRE,,1019,991,706.0,69.3,2.6,71.2,2.6,562.0,55.2,2.8,56.7,2.9,White alone or in combination
651,NEW HAMPSHIRE,,27,12,7.0,B,B,B,B,6.0,B,B,B,B,Black alone or in combination
652,NEW HAMPSHIRE,,41,26,17.0,B,B,B,B,13.0,B,B,B,B,Asian alone or in combination
653,NEW JERSEY,,7009,6267,4297.0,61.3,1.9,68.6,1.9,3384.0,48.3,2.0,54.0,2.1,Total
654,NEW JERSEY,,3348,2998,2046.0,61.1,2.8,68.2,2.8,1577.0,47.1,2.8,52.6,3.0,Male
655,NEW JERSEY,,3660,3269,2251.0,61.5,2.7,68.9,2.7,1808.0,49.4,2.7,55.3,2.9,Female
656,NEW JERSEY,,5227,4788,3349.0,64.1,2.2,69.9,2.2,2678.0,51.2,2.3,55.9,2.4,White alone
657,NEW JERSEY,,4081,3944,2847.0,69.7,2.4,72.2,2.4,2283.0,55.9,2.6,57.9,2.6,White non-Hispanic alone
658,NEW JERSEY,,1013,917,611.0,60.3,6.1,66.6,6.2,472.0,46.6,6.3,51.5,6.6,Black alone
659,NEW JERSEY,,690,483,281.0,40.7,7.8,58.2,9.4,188.0,27.2,7.1,38.9,9.3,Asian alone
660,NEW JERSEY,,1259,920,578.0,45.9,7.3,62.9,8.3,471.0,37.4,7.1,51.2,8.5,Hispanic (of any race)
661,NEW JERSEY,,5302,4863,3401.0,64.1,2.2,69.9,2.2,2725.0,51.4,2.3,56.0,2.3,White alone or in combination
662,NEW JERSEY,,1081,985,663.0,61.4,5.9,67.3,6.0,515.0,47.7,6.1,52.3,6.4,Black alone or in combination
663,NEW JERSEY,,697,490,284.0,40.8,7.8,58.1,9.3,191.0,27.4,7.0,39.0,9.2,Asian alone or in combination
664,NEW MEXICO,,1576,1485,916.0,58.1,2.5,61.7,2.6,715.0,45.3,2.6,48.1,2.6,Total
665,NEW MEXICO,,761,715,422.0,55.5,3.7,59.1,3.8,327.0,43.0,3.7,45.8,3.8,Male
666,NEW MEXICO,,815,770,493.0,60.5,3.5,64.0,3.5,387.0,47.5,3.6,50.3,3.7,Female
667,NEW MEXICO,,1251,1178,764.0,61.1,2.8,64.9,2.8,616.0,49.2,2.9,52.3,3.0,White alone
668,NEW MEXICO,,644,634,465.0,72.2,3.6,73.4,3.6,388.0,60.3,3.9,61.3,3.9,White non-Hispanic alone
669,NEW MEXICO,,30,27,15.0,B,B,B,B,9.0,B,B,B,B,Black alone
670,NEW MEXICO,,32,21,9.0,B,B,B,B,7.0,B,B,B,B,Asian alone
671,NEW MEXICO,,666,597,322.0,48.3,6.2,53.9,6.5,242.0,36.3,6.0,40.5,6.4,Hispanic (of any race)
672,NEW MEXICO,,1284,1206,777.0,60.5,2.8,64.5,2.8,626.0,48.7,2.8,51.9,2.9,White alone or in combination
673,NEW MEXICO,,39,36,19.0,B,B,B,B,11.0,B,B,B,B,Black alone or in combination
674,NEW MEXICO,,35,25,10.0,B,B,B,B,8.0,B,B,B,B,Asian alone or in combination
675,NEW YORK,,15478,13684,8553.0,55.3,1.3,62.5,1.4,6775.0,43.8,1.3,49.5,1.4,Total
676,NEW YORK,,7364,6512,3934.0,53.4,2.0,60.4,2.0,3081.0,41.8,1.9,47.3,2.1,Male
677,NEW YORK,,8113,7171,4619.0,56.9,1.8,64.4,1.9,3694.0,45.5,1.9,51.5,2.0,Female
678,NEW YORK,,11157,10070,6474.0,58.0,1.6,64.3,1.6,5129.0,46.0,1.6,50.9,1.7,White alone
679,NEW YORK,,9108,8708,5770.0,63.4,1.7,66.3,1.7,4604.0,50.6,1.8,52.9,1.8,White non-Hispanic alone
680,NEW YORK,,2570,2305,1410.0,54.9,4.0,61.2,4.1,1182.0,46.0,4.0,51.3,4.2,Black alone
681,NEW YORK,,1443,1061,504.0,34.9,5.3,47.5,6.5,344.0,23.8,4.8,32.4,6.1,Asian alone
682,NEW YORK,,2604,1785,963.0,37.0,5.0,53.9,6.2,731.0,28.1,4.6,40.9,6.1,Hispanic (of any race)
683,NEW YORK,,11374,10239,6590.0,57.9,1.6,64.4,1.6,5215.0,45.8,1.6,50.9,1.7,White alone or in combination
684,NEW YORK,,2721,2414,1481.0,54.4,3.9,61.3,4.0,1236.0,45.4,3.9,51.2,4.1,Black alone or in combination
685,NEW YORK,,1467,1085,523.0,35.6,5.3,48.1,6.4,358.0,24.4,4.8,33.0,6.1,Asian alone or in combination
686,NORTH CAROLINA,,7911,7444,5160.0,65.2,1.8,69.3,1.8,3899.0,49.3,1.9,52.4,1.9,Total
687,NORTH CAROLINA,,3748,3495,2384.0,63.6,2.6,68.2,2.6,1822.0,48.6,2.7,52.1,2.8,Male
688,NORTH CAROLINA,,4163,3949,2776.0,66.7,2.4,70.3,2.4,2077.0,49.9,2.6,52.6,2.7,Female
689,NORTH CAROLINA,,5775,5400,3830.0,66.3,2.1,70.9,2.1,2903.0,50.3,2.2,53.8,2.3,White alone
690,NORTH CAROLINA,,5239,5170,3721.0,71.0,2.1,72.0,2.1,2814.0,53.7,2.3,54.4,2.3,White non-Hispanic alone
691,NORTH CAROLINA,,1685,1646,1110.0,65.9,4.7,67.4,4.7,852.0,50.6,4.9,51.8,5.0,Black alone
692,NORTH CAROLINA,,186,149,90.0,48.5,15.5,60.6,16.9,68.0,36.4,14.9,45.5,17.2,Asian alone
693,NORTH CAROLINA,,588,268,131.0,22.3,9.0,48.9,16.0,104.0,17.6,8.2,38.6,15.6,Hispanic (of any race)
694,NORTH CAROLINA,,5865,5474,3889.0,66.3,2.1,71.0,2.0,2939.0,50.1,2.2,53.7,2.3,White alone or in combination
695,NORTH CAROLINA,,1748,1696,1156.0,66.1,4.6,68.2,4.6,872.0,49.9,4.8,51.4,4.9,Black alone or in combination
696,NORTH CAROLINA,,198,159,95.0,48.0,15.0,60.0,16.4,73.0,36.6,14.4,45.8,16.7,Asian alone or in combination
697,NORTH DAKOTA,,560,541,397.0,70.9,2.5,73.4,2.5,335.0,59.8,2.7,61.9,2.7,Total
698,NORTH DAKOTA,,286,275,194.0,67.8,3.6,70.5,3.6,160.0,56.0,3.8,58.2,3.9,Male
699,NORTH DAKOTA,,274,266,204.0,74.3,3.4,76.5,3.4,175.0,63.8,3.8,65.7,3.8,Female
700,NORTH DAKOTA,,499,494,368.0,73.7,2.6,74.6,2.6,315.0,63.1,2.8,63.8,2.8,White alone
701,NORTH DAKOTA,,488,483,362.0,74.2,2.6,74.9,2.6,311.0,63.7,2.8,64.3,2.8,White non-Hispanic alone
702,NORTH DAKOTA,,14,6,2.0,B,B,B,B,1.0,B,B,B,B,Black alone
703,NORTH DAKOTA,,8,3,,B,B,B,B,,B,B,B,B,Asian alone
704,NORTH DAKOTA,,16,15,10.0,B,B,B,B,7.0,B,B,B,B,Hispanic (of any race)
705,NORTH DAKOTA,,507,501,374.0,73.7,2.5,74.6,2.5,320.0,63.1,2.8,63.8,2.8,White alone or in combination
706,NORTH DAKOTA,,15,7,3.0,B,B,B,B,2.0,B,B,B,B,Black alone or in combination
707,NORTH DAKOTA,,9,4,2.0,B,B,B,B,1.0,B,B,B,B,Asian alone or in combination
708,OHIO,,8873,8640,6062.0,68.3,1.6,70.2,1.6,4538.0,51.1,1.8,52.5,1.8,Total
709,OHIO,,4294,4158,2840.0,66.1,2.4,68.3,2.4,2035.0,47.4,2.5,48.9,2.6,Male
710,OHIO,,4579,4482,3222.0,70.4,2.2,71.9,2.2,2503.0,54.7,2.4,55.9,2.4,Female
711,OHIO,,7372,7280,5152.0,69.9,1.8,70.8,1.8,3889.0,52.8,1.9,53.4,1.9,White alone
712,OHIO,,7203,7142,5058.0,70.2,1.8,70.8,1.8,3849.0,53.4,1.9,53.9,1.9,White non-Hispanic alone
713,OHIO,,1054,1010,707.0,67.1,5.8,70.0,5.8,519.0,49.2,6.1,51.4,6.3,Black alone
714,OHIO,,207,129,93.0,45.1,14.4,72.4,16.4,65.0,31.3,13.4,50.1,18.4,Asian alone
715,OHIO,,235,185,121.0,51.5,16.9,65.4,18.1,60.0,25.7,14.8,32.6,17.8,Hispanic (of any race)
716,OHIO,,7519,7420,5215.0,69.4,1.8,70.3,1.7,3920.0,52.1,1.9,52.8,1.9,White alone or in combination
717,OHIO,,1171,1120,761.0,65.0,5.6,68.0,5.6,544.0,46.5,5.8,48.6,6.0,Black alone or in combination
718,OHIO,,223,145,98.0,43.9,13.9,67.4,16.2,69.0,31.0,12.9,47.7,17.3,Asian alone or in combination
719,OKLAHOMA,,2868,2732,1777.0,62.0,2.9,65.1,2.9,1350.0,47.1,3.0,49.4,3.0,Total
720,OKLAHOMA,,1388,1330,824.0,59.4,4.2,62.0,4.2,626.0,45.1,4.3,47.1,4.4,Male
721,OKLAHOMA,,1480,1402,953.0,64.4,4.0,68.0,4.0,724.0,48.9,4.1,51.6,4.2,Female
722,OKLAHOMA,,2254,2148,1422.0,63.1,3.2,66.2,3.2,1098.0,48.7,3.3,51.1,3.4,White alone
723,OKLAHOMA,,1957,1951,1341.0,68.5,3.3,68.7,3.3,1035.0,52.9,3.6,53.0,3.6,White non-Hispanic alone
724,OKLAHOMA,,195,184,90.0,46.1,13.8,48.8,14.2,61.0,31.2,12.8,33.0,13.3,Black alone
725,OKLAHOMA,,70,50,23.0,B,B,B,B,15.0,B,B,B,B,Asian alone
726,OKLAHOMA,,310,210,88.0,28.5,12.8,42.1,17.0,71.0,22.8,11.9,33.7,16.3,Hispanic (of any race)
727,OKLAHOMA,,2370,2264,1510.0,63.7,3.1,66.7,3.2,1162.0,49.0,3.3,51.3,3.3,White alone or in combination
728,OKLAHOMA,,212,201,103.0,48.7,13.2,51.2,13.6,72.0,34.1,12.5,35.9,13.0,Black alone or in combination
729,OKLAHOMA,,73,53,26.0,B,B,B,B,18.0,B,B,B,B,Asian alone or in combination
730,OREGON,,3293,3138,2274.0,69.1,2.6,72.5,2.5,1918.0,58.2,2.7,61.1,2.8,Total
731,OREGON,,1612,1542,1078.0,66.9,3.7,69.9,3.7,912.0,56.6,3.9,59.2,4.0,Male
732,OREGON,,1681,1596,1197.0,71.2,3.5,75.0,3.4,1006.0,59.8,3.8,63.0,3.8,Female
733,OREGON,,2874,2781,2059.0,71.6,2.7,74.0,2.6,1769.0,61.5,2.9,63.6,2.9,White alone
734,OREGON,,2584,2569,1956.0,75.7,2.7,76.1,2.7,1694.0,65.6,3.0,65.9,3.0,White non-Hispanic alone
735,OREGON,,78,71,43.0,55.5,21.6,B,B,41.0,52.1,21.7,B,B,Black alone
736,OREGON,,172,138,71.0,41.1,15.0,51.3,17.0,36.0,21.0,12.4,26.2,15.0,Asian alone
737,OREGON,,365,267,140.0,38.3,12.7,52.3,15.2,93.0,25.4,11.3,34.8,14.5,Hispanic (of any race)
738,OREGON,,3005,2892,2138.0,71.1,2.6,73.9,2.6,1826.0,60.8,2.8,63.2,2.8,White alone or in combination
739,OREGON,,97,90,59.0,60.5,19.0,65.4,19.2,52.0,53.4,19.4,57.7,19.9,Black alone or in combination
740,OREGON,,189,155,83.0,44.0,14.4,53.7,16.0,41.0,21.6,12.0,26.4,14.2,Asian alone or in combination
741,PENNSYLVANIA,,9928,9475,6469.0,65.2,1.6,68.3,1.6,5173.0,52.1,1.7,54.6,1.7,Total
742,PENNSYLVANIA,,4736,4532,3056.0,64.5,2.3,67.4,2.3,2445.0,51.6,2.4,53.9,2.5,Male
743,PENNSYLVANIA,,5192,4943,3414.0,65.7,2.2,69.1,2.2,2728.0,52.5,2.3,55.2,2.3,Female
744,PENNSYLVANIA,,8277,8073,5628.0,68.0,1.7,69.7,1.7,4461.0,53.9,1.8,55.3,1.8,White alone
745,PENNSYLVANIA,,7712,7635,5434.0,70.5,1.7,71.2,1.7,4323.0,56.1,1.9,56.6,1.9,White non-Hispanic alone
746,PENNSYLVANIA,,1059,1028,653.0,61.7,6.0,63.5,6.0,562.0,53.1,6.1,54.7,6.2,Black alone
747,PENNSYLVANIA,,423,230,106.0,25.1,8.8,46.0,13.8,87.0,20.6,8.2,37.9,13.4,Asian alone
748,PENNSYLVANIA,,657,529,218.0,33.2,9.6,41.2,11.1,154.0,23.4,8.6,29.1,10.3,Hispanic (of any race)
749,PENNSYLVANIA,,8418,8189,5693.0,67.6,1.7,69.5,1.7,4510.0,53.6,1.8,55.1,1.8,White alone or in combination
750,PENNSYLVANIA,,1169,1113,700.0,59.8,5.7,62.9,5.8,589.0,50.4,5.9,52.9,6.0,Black alone or in combination
751,PENNSYLVANIA,,440,247,123.0,28.0,9.0,49.8,13.3,104.0,23.8,8.5,42.2,13.1,Asian alone or in combination
752,RHODE ISLAND,,828,782,532.0,64.2,2.7,68.0,2.7,403.0,48.7,2.8,51.6,2.9,Total
753,RHODE ISLAND,,394,373,238.0,60.5,4.0,63.8,4.0,186.0,47.4,4.1,49.9,4.2,Male
754,RHODE ISLAND,,435,408,293.0,67.5,3.7,71.9,3.6,217.0,49.9,3.9,53.1,4.0,Female
755,RHODE ISLAND,,724,699,488.0,67.4,2.8,69.8,2.8,374.0,51.6,3.0,53.4,3.1,White alone
756,RHODE ISLAND,,642,633,447.0,69.8,3.0,70.7,2.9,345.0,53.8,3.2,54.5,3.2,White non-Hispanic alone
757,RHODE ISLAND,,53,45,26.0,B,B,B,B,16.0,B,B,B,B,Black alone
758,RHODE ISLAND,,26,16,7.0,B,B,B,B,5.0,B,B,B,B,Asian alone
759,RHODE ISLAND,,98,79,44.0,45.0,12.9,55.8,14.3,30.0,30.5,11.9,37.8,14.0,Hispanic (of any race)
760,RHODE ISLAND,,746,718,498.0,66.7,2.8,69.3,2.8,382.0,51.2,3.0,53.2,3.0,White alone or in combination
761,RHODE ISLAND,,71,60,34.0,B,B,B,B,23.0,B,B,B,B,Black alone or in combination
762,RHODE ISLAND,,30,19,7.0,B,B,B,B,5.0,B,B,B,B,Asian alone or in combination
763,SOUTH CAROLINA,,3914,3769,2430.0,62.1,2.5,64.5,2.5,1836.0,46.9,2.6,48.7,2.7,Total
764,SOUTH CAROLINA,,1849,1767,1121.0,60.6,3.7,63.5,3.7,828.0,44.8,3.8,46.9,3.9,Male
765,SOUTH CAROLINA,,2066,2002,1309.0,63.4,3.5,65.4,3.5,1007.0,48.8,3.6,50.3,3.6,Female
766,SOUTH CAROLINA,,2790,2677,1727.0,61.9,3.0,64.5,3.0,1276.0,45.7,3.1,47.7,3.1,White alone
767,SOUTH CAROLINA,,2610,2588,1690.0,64.8,3.0,65.3,3.0,1257.0,48.1,3.2,48.6,3.2,White non-Hispanic alone
768,SOUTH CAROLINA,,1000,996,646.0,64.6,6.0,64.9,6.0,519.0,51.9,6.2,52.1,6.2,Black alone
769,SOUTH CAROLINA,,54,29,19.0,B,B,B,B,9.0,B,B,B,B,Asian alone
770,SOUTH CAROLINA,,207,110,36.0,17.7,13.6,33.3,23.0,19.0,9.3,10.3,17.6,18.6,Hispanic (of any race)
771,SOUTH CAROLINA,,2836,2722,1756.0,61.9,3.0,64.5,3.0,1298.0,45.8,3.0,47.7,3.1,White alone or in combination
772,SOUTH CAROLINA,,1041,1036,672.0,64.6,5.8,64.9,5.8,539.0,51.8,6.1,52.0,6.1,Black alone or in combination
773,SOUTH CAROLINA,,56,32,19.0,B,B,B,B,9.0,B,B,B,B,Asian alone or in combination
774,SOUTH DAKOTA,,648,637,429.0,66.2,2.7,67.3,2.7,331.0,51.0,2.9,51.9,2.9,Total
775,SOUTH DAKOTA,,325,319,207.0,63.8,3.9,65.0,3.9,160.0,49.4,4.1,50.3,4.1,Male
776,SOUTH DAKOTA,,323,318,222.0,68.6,3.8,69.7,3.8,170.0,52.7,4.1,53.5,4.1,Female
777,SOUTH DAKOTA,,573,568,392.0,68.5,2.9,69.1,2.9,305.0,53.3,3.1,53.8,3.1,White alone
778,SOUTH DAKOTA,,561,559,389.0,69.4,2.9,69.6,2.9,303.0,54.1,3.1,54.3,3.1,White non-Hispanic alone
779,SOUTH DAKOTA,,12,7,2.0,B,B,B,B,1.0,B,B,B,B,Black alone
780,SOUTH DAKOTA,,5,3,1.0,B,B,B,B,1.0,B,B,B,B,Asian alone
781,SOUTH DAKOTA,,15,13,5.0,B,B,B,B,4.0,B,B,B,B,Hispanic (of any race)
782,SOUTH DAKOTA,,579,575,395.0,68.1,2.9,68.7,2.9,308.0,53.1,3.1,53.5,3.1,White alone or in combination
783,SOUTH DAKOTA,,14,9,2.0,B,B,B,B,1.0,B,B,B,B,Black alone or in combination
784,SOUTH DAKOTA,,6,4,2.0,B,B,B,B,2.0,B,B,B,B,Asian alone or in combination
785,TENNESSEE,,5202,5016,3183.0,61.2,2.2,63.5,2.2,2487.0,47.8,2.3,49.6,2.3,Total
786,TENNESSEE,,2501,2386,1476.0,59.0,3.2,61.9,3.3,1174.0,46.9,3.3,49.2,3.4,Male
787,TENNESSEE,,2701,2630,1707.0,63.2,3.0,64.9,3.1,1313.0,48.6,3.2,49.9,3.2,Female
788,TENNESSEE,,4156,4015,2606.0,62.7,2.5,64.9,2.5,2039.0,49.1,2.5,50.8,2.6,White alone
789,TENNESSEE,,3879,3852,2536.0,65.4,2.5,65.9,2.5,1991.0,51.3,2.6,51.7,2.6,White non-Hispanic alone
790,TENNESSEE,,830,801,484.0,58.3,6.8,60.4,6.9,368.0,44.3,6.9,45.9,7.0,Black alone
791,TENNESSEE,,109,97,32.0,29.4,18.1,33.0,19.9,29.0,26.8,17.6,30.2,19.4,Asian alone
792,TENNESSEE,,282,167,69.0,24.5,13.2,41.3,19.6,48.0,17.0,11.6,28.7,18.0,Hispanic (of any race)
793,TENNESSEE,,4244,4099,2660.0,62.7,2.4,64.9,2.4,2087.0,49.2,2.5,50.9,2.6,White alone or in combination
794,TENNESSEE,,866,837,496.0,57.3,6.7,59.3,6.8,376.0,43.5,6.7,45.0,6.8,Black alone or in combination
795,TENNESSEE,,124,109,36.0,29.2,16.9,33.4,18.8,34.0,27.0,16.5,30.9,18.4,Asian alone or in combination
796,TEXAS,,21064,18374,11634.0,55.2,1.1,63.3,1.2,8886.0,42.2,1.1,48.4,1.2,Total
797,TEXAS,,10274,8812,5361.0,52.2,1.6,60.8,1.7,4064.0,39.6,1.6,46.1,1.8,Male
798,TEXAS,,10790,9562,6273.0,58.1,1.6,65.6,1.6,4822.0,44.7,1.6,50.4,1.7,Female
799,TEXAS,,16689,14555,9331.0,55.9,1.3,64.1,1.3,7158.0,42.9,1.3,49.2,1.4,White alone
800,TEXAS,,9492,9345,6686.0,70.4,1.6,71.5,1.6,5394.0,56.8,1.7,57.7,1.7,White non-Hispanic alone
801,TEXAS,,2625,2490,1580.0,60.2,3.8,63.4,3.9,1203.0,45.8,3.9,48.3,4.0,Black alone
802,TEXAS,,1097,736,397.0,36.2,6.1,54.0,7.7,288.0,26.3,5.6,39.1,7.6,Asian alone
803,TEXAS,,7658,5594,2843.0,37.1,2.9,50.8,3.5,1918.0,25.0,2.6,34.3,3.3,Hispanic (of any race)
804,TEXAS,,16991,14838,9496.0,55.9,1.3,64.0,1.3,7276.0,42.8,1.3,49.0,1.4,White alone or in combination
805,TEXAS,,2722,2583,1629.0,59.8,3.8,63.1,3.8,1231.0,45.2,3.8,47.6,4.0,Black alone or in combination
806,TEXAS,,1192,831,471.0,39.5,6.0,56.7,7.2,354.0,29.7,5.6,42.6,7.2,Asian alone or in combination
807,UTAH,,2247,2109,1443.0,64.2,2.2,68.4,2.2,1214.0,54.0,2.3,57.6,2.4,Total
808,UTAH,,1109,1040,691.0,62.3,3.2,66.4,3.2,568.0,51.2,3.3,54.6,3.4,Male
809,UTAH,,1138,1068,752.0,66.1,3.1,70.4,3.1,646.0,56.8,3.2,60.5,3.3,Female
810,UTAH,,2080,1969,1385.0,66.6,2.3,70.4,2.3,1171.0,56.3,2.4,59.5,2.4,White alone
811,UTAH,,1799,1785,1293.0,71.9,2.3,72.4,2.3,1092.0,60.7,2.5,61.2,2.5,White non-Hispanic alone
812,UTAH,,31,29,8.0,B,B,B,B,5.0,B,B,B,B,Black alone
813,UTAH,,63,44,26.0,B,B,B,B,22.0,B,B,B,B,Asian alone
814,UTAH,,291,189,96.0,32.8,9.5,50.5,12.6,82.0,28.3,9.1,43.6,12.4,Hispanic (of any race)
815,UTAH,,2091,1979,1392.0,66.6,2.3,70.3,2.3,1175.0,56.2,2.4,59.4,2.4,White alone or in combination
816,UTAH,,35,33,12.0,B,B,B,B,10.0,B,B,B,B,Black alone or in combination
817,UTAH,,67,48,26.0,B,B,B,B,22.0,B,B,B,B,Asian alone or in combination
818,VERMONT,,503,497,343.0,68.1,2.9,69.0,2.9,273.0,54.2,3.1,54.9,3.1,Total
819,VERMONT,,247,243,168.0,68.2,4.1,69.1,4.1,132.0,53.6,4.4,54.3,4.4,Male
820,VERMONT,,257,253,175.0,68.0,4.0,69.0,4.0,141.0,54.7,4.3,55.5,4.3,Female
821,VERMONT,,478,473,330.0,68.9,2.9,69.7,2.9,263.0,55.0,3.1,55.6,3.1,White alone
822,VERMONT,,472,466,323.0,68.6,2.9,69.4,2.9,258.0,54.6,3.2,55.3,3.2,White non-Hispanic alone
823,VERMONT,,4,4,2.0,B,B,B,B,1.0,B,B,B,B,Black alone
824,VERMONT,,5,4,3.0,B,B,B,B,3.0,B,B,B,B,Asian alone
825,VERMONT,,8,8,7.0,B,B,B,B,6.0,B,B,B,B,Hispanic (of any race)
826,VERMONT,,493,486,338.0,68.7,2.9,69.6,2.9,268.0,54.5,3.1,55.2,3.1,White alone or in combination
827,VERMONT,,7,7,3.0,B,B,B,B,2.0,B,B,B,B,Black alone or in combination
828,VERMONT,,8,7,5.0,B,B,B,B,3.0,B,B,B,B,Asian alone or in combination
829,VIRGINIA,,6386,5773,4159.0,65.1,2.0,72.0,2.0,3319.0,52.0,2.1,57.5,2.2,Total
830,VIRGINIA,,3051,2724,1958.0,64.2,2.9,71.9,2.9,1578.0,51.7,3.0,57.9,3.2,Male
831,VIRGINIA,,3335,3049,2201.0,66.0,2.8,72.2,2.7,1742.0,52.2,2.9,57.1,3.0,Female
832,VIRGINIA,,4496,4094,3065.0,68.2,2.3,74.9,2.3,2412.0,53.7,2.5,58.9,2.6,White alone
833,VIRGINIA,,3874,3808,2924.0,75.5,2.3,76.8,2.3,2314.0,59.7,2.6,60.8,2.7,White non-Hispanic alone
834,VIRGINIA,,1198,1130,754.0,63.0,5.7,66.8,5.7,637.0,53.2,5.9,56.4,6.0,Black alone
835,VIRGINIA,,510,368,226.0,44.3,9.3,61.4,10.8,169.0,33.2,8.8,46.0,11.0,Asian alone
836,VIRGINIA,,669,324,159.0,23.8,8.7,49.0,14.6,112.0,16.8,7.6,34.6,13.9,Hispanic (of any race)
837,VIRGINIA,,4617,4215,3156.0,68.4,2.3,74.9,2.2,2490.0,53.9,2.5,59.1,2.5,White alone or in combination
838,VIRGINIA,,1258,1190,786.0,62.5,5.5,66.1,5.6,664.0,52.8,5.7,55.8,5.8,Black alone or in combination
839,VIRGINIA,,587,445,286.0,48.7,8.7,64.3,9.6,224.0,38.2,8.5,50.4,10.0,Asian alone or in combination
840,WASHINGTON,,5775,5228,3852.0,66.7,2.1,73.7,2.0,3234.0,56.0,2.2,61.9,2.2,Total
841,WASHINGTON,,2869,2590,1861.0,64.9,3.0,71.9,2.9,1541.0,53.7,3.1,59.5,3.2,Male
842,WASHINGTON,,2906,2638,1991.0,68.5,2.9,75.5,2.8,1693.0,58.2,3.0,64.2,3.1,Female
843,WASHINGTON,,4663,4314,3219.0,69.0,2.3,74.6,2.2,2736.0,58.7,2.4,63.4,2.4,White alone
844,WASHINGTON,,3995,3905,2983.0,74.7,2.3,76.4,2.3,2558.0,64.0,2.5,65.5,2.5,White non-Hispanic alone
845,WASHINGTON,,232,232,155.0,66.8,12.4,66.8,12.4,103.0,44.2,13.1,44.2,13.1,Black alone
846,WASHINGTON,,530,356,262.0,49.4,9.1,73.4,9.8,224.0,42.2,9.0,62.8,10.8,Asian alone
847,WASHINGTON,,736,468,267.0,36.3,9.3,57.2,12.0,204.0,27.8,8.6,43.7,12.0,Hispanic (of any race)
848,WASHINGTON,,4792,4434,3321.0,69.3,2.2,74.9,2.2,2816.0,58.8,2.4,63.5,2.4,White alone or in combination
849,WASHINGTON,,255,255,175.0,68.4,11.7,68.4,11.7,117.0,45.7,12.6,45.7,12.6,Black alone or in combination
850,WASHINGTON,,559,386,287.0,51.4,8.9,74.5,9.3,237.0,42.4,8.8,61.6,10.4,Asian alone or in combination
851,WEST VIRGINIA,,1406,1384,892.0,63.4,2.8,64.5,2.8,610.0,43.4,2.9,44.1,2.9,Total
852,WEST VIRGINIA,,685,674,423.0,61.7,4.0,62.7,4.1,294.0,43.0,4.1,43.7,4.2,Male
853,WEST VIRGINIA,,721,710,470.0,65.1,3.9,66.1,3.9,316.0,43.8,4.0,44.5,4.1,Female
854,WEST VIRGINIA,,1312,1303,856.0,65.2,2.9,65.7,2.9,585.0,44.6,3.0,44.9,3.0,White alone
855,WEST VIRGINIA,,1291,1286,847.0,65.6,2.9,65.9,2.9,582.0,45.1,3.0,45.2,3.0,White non-Hispanic alone
856,WEST VIRGINIA,,49,47,19.0,B,B,B,B,12.0,B,B,B,B,Black alone
857,WEST VIRGINIA,,17,6,4.0,B,B,B,B,3.0,B,B,B,B,Asian alone
858,WEST VIRGINIA,,24,20,10.0,B,B,B,B,4.0,B,B,B,B,Hispanic (of any race)
859,WEST VIRGINIA,,1334,1324,867.0,65.0,2.8,65.5,2.8,594.0,44.5,3.0,44.8,3.0,White alone or in combination
860,WEST VIRGINIA,,64,63,29.0,B,B,B,B,19.0,B,B,B,B,Black alone or in combination
861,WEST VIRGINIA,,19,7,5.0,B,B,B,B,4.0,B,B,B,B,Asian alone or in combination
862,WISCONSIN,,4436,4296,3129.0,70.5,2.3,72.8,2.2,2776.0,62.6,2.4,64.6,2.4,Total
863,WISCONSIN,,2186,2105,1519.0,69.5,3.3,72.2,3.2,1328.0,60.7,3.5,63.1,3.5,Male
864,WISCONSIN,,2250,2191,1610.0,71.6,3.2,73.5,3.1,1448.0,64.4,3.3,66.1,3.4,Female
865,WISCONSIN,,3948,3865,2883.0,73.0,2.3,74.6,2.3,2574.0,65.2,2.5,66.6,2.5,White alone
866,WISCONSIN,,3782,3759,2815.0,74.5,2.3,74.9,2.3,2514.0,66.5,2.5,66.9,2.5,White non-Hispanic alone
867,WISCONSIN,,264,239,137.0,51.7,12.3,57.1,12.8,110.0,41.7,12.2,46.0,12.9,Black alone
868,WISCONSIN,,89,79,52.0,58.6,21.8,66.0,22.3,52.0,58.6,21.8,66.0,22.3,Asian alone
869,WISCONSIN,,232,142,91.0,39.3,16.7,64.2,21.0,84.0,36.3,16.4,59.4,21.5,Hispanic (of any race)
870,WISCONSIN,,4015,3932,2923.0,72.8,2.3,74.4,2.3,2599.0,64.7,2.5,66.1,2.5,White alone or in combination
871,WISCONSIN,,313,266,159.0,50.7,11.3,59.6,12.1,123.0,39.1,11.1,46.1,12.3,Black alone or in combination
872,WISCONSIN,,94,84,57.0,60.5,21.1,67.8,21.4,57.0,60.5,21.1,67.8,21.4,Asian alone or in combination
873,WYOMING,,430,422,268.0,62.4,2.9,63.5,2.9,220.0,51.2,3.0,52.1,3.0,Total
874,WYOMING,,216,212,134.0,61.8,4.1,62.9,4.1,107.0,49.7,4.2,50.6,4.2,Male
875,WYOMING,,214,210,135.0,62.9,4.1,64.1,4.1,113.0,52.7,4.2,53.6,4.2,Female
876,WYOMING,,408,402,259.0,63.6,2.9,64.5,2.9,214.0,52.5,3.0,53.2,3.1,White alone
877,WYOMING,,369,368,244.0,66.0,3.0,66.3,3.0,202.0,54.7,3.2,54.9,3.2,White non-Hispanic alone
878,WYOMING,,5,4,3.0,B,B,B,B,2.0,B,B,B,B,Black alone
879,WYOMING,,3,1,,B,B,B,B,,B,B,B,B,Asian alone
880,WYOMING,,41,37,16.0,B,B,B,B,13.0,B,B,B,B,Hispanic (of any race)
881,WYOMING,,410,405,261.0,63.6,2.9,64.4,2.9,216.0,52.5,3.0,53.2,3.0,White alone or in combination
882,WYOMING,,6,5,3.0,B,B,B,B,2.0,B,B,B,B,Black alone or in combination
883,WYOMING,,3,1,,B,B,B,B,,B,B,B,B,Asian alone or in combination
